GPU Power (W), Time (S), 
168, 0.012397, 
168, 0.015015, 
168, 0.016613, 
168, 0.018206, 
168, 0.019804, 
153, 0.031042, 
153, 0.032505, 
153, 0.034040, 
153, 0.035488, 
153, 0.036943, 
153, 0.038398, 
153, 0.039845, 
128, 0.048639, 
128, 0.050125, 
128, 0.051577, 
128, 0.053055, 
128, 0.054559, 
128, 0.056059, 
128, 0.057568, 
128, 0.059089, 
128, 0.060573, 
153, 0.070433, 
153, 0.071890, 
153, 0.073332, 
153, 0.074834, 
153, 0.076292, 
153, 0.077741, 
153, 0.079227, 
153, 0.080719, 
161, 0.093991, 
161, 0.095520, 
161, 0.096985, 
161, 0.098433, 
161, 0.099882, 
136, 0.111547, 
136, 0.113036, 
136, 0.114525, 
136, 0.116026, 
136, 0.117665, 
136, 0.119230, 
136, 0.120763, 
131, 0.130164, 
131, 0.131712, 
131, 0.133250, 
131, 0.134802, 
131, 0.136340, 
131, 0.140008, 
154, 0.148830, 
154, 0.150274, 
154, 0.151718, 
154, 0.153156, 
154, 0.154586, 
154, 0.156037, 
154, 0.157481, 
154, 0.158949, 
154, 0.160460, 
159, 0.171084, 
159, 0.172603, 
159, 0.174122, 
159, 0.175572, 
159, 0.177018, 
159, 0.178471, 
159, 0.179976, 
159, 0.181437, 
144, 0.192241, 
144, 0.195654, 
144, 0.197261, 
144, 0.198873, 
144, 0.200462, 
160, 0.212602, 
160, 0.214085, 
160, 0.215555, 
160, 0.216985, 
160, 0.218400, 
160, 0.219832, 
160, 0.221286, 
138, 0.234745, 
138, 0.236501, 
138, 0.237964, 
138, 0.239390, 
138, 0.240859, 
110, 0.248902, 
110, 0.250366, 
110, 0.251819, 
110, 0.253244, 
110, 0.254746, 
110, 0.256224, 
110, 0.257698, 
110, 0.259199, 
110, 0.260643, 
104, 0.267746, 
104, 0.269196, 
104, 0.270634, 
104, 0.272105, 
104, 0.273565, 
104, 0.275043, 
104, 0.276504, 
104, 0.277953, 
104, 0.279418, 
104, 0.280870, 
115, 0.287806, 
115, 0.289260, 
115, 0.290775, 
115, 0.292256, 
115, 0.293714, 
115, 0.295166, 
115, 0.296589, 
115, 0.298060, 
115, 0.299507, 
115, 0.300962, 
132, 0.314772, 
132, 0.316387, 
132, 0.317852, 
132, 0.319287, 
132, 0.320797, 
132, 0.322296, 
175, 0.334414, 
175, 0.338460, 
175, 0.339897, 
175, 0.341318, 
165, 0.358748, 
165, 0.360428, 
165, 0.362001, 
168, 0.375079, 
168, 0.376625, 
168, 0.378217, 
168, 0.379769, 
168, 0.381336, 
168, 0.382914, 
133, 0.394776, 
133, 0.396348, 
133, 0.397910, 
133, 0.399456, 
133, 0.401011, 
133, 0.402570, 
134, 0.410548, 
134, 0.412139, 
134, 0.413712, 
134, 0.415287, 
134, 0.416833, 
134, 0.418384, 
134, 0.419928, 
134, 0.421489, 
134, 0.423082, 
159, 0.433428, 
159, 0.434992, 
159, 0.436546, 
159, 0.438106, 
159, 0.439673, 
159, 0.441228, 
159, 0.442784, 
149, 0.454410, 
149, 0.456027, 
149, 0.457582, 
149, 0.459386, 
149, 0.460941, 
149, 0.462486, 
149, 0.473120, 
149, 0.478209, 
149, 0.479808, 
149, 0.481374, 
149, 0.482964, 
141, 0.492249, 
141, 0.493804, 
141, 0.495347, 
141, 0.496925, 
141, 0.498478, 
141, 0.500042, 
141, 0.501598, 
141, 0.503148, 
141, 0.514175, 
141, 0.515687, 
141, 0.517179, 
141, 0.518677, 
141, 0.520170, 
141, 0.521656, 
141, 0.523143, 
164, 0.533606, 
164, 0.535116, 
164, 0.536599, 
164, 0.538077, 
164, 0.539562, 
164, 0.541055, 
164, 0.542553, 
146, 0.552250, 
146, 0.553753, 
146, 0.555288, 
146, 0.556781, 
146, 0.558266, 
146, 0.559752, 
146, 0.561312, 
146, 0.562875, 
163, 0.574826, 
163, 0.576379, 
163, 0.578656, 
163, 0.580251, 
163, 0.581803, 
163, 0.583353, 
125, 0.594859, 
125, 0.596444, 
125, 0.598015, 
125, 0.599580, 
125, 0.601143, 
125, 0.602716, 
105, 0.610063, 
105, 0.611649, 
105, 0.613176, 
105, 0.614695, 
105, 0.616209, 
105, 0.617701, 
105, 0.619215, 
105, 0.620703, 
105, 0.622179, 
105, 0.623855, 
106, 0.630690, 
106, 0.632273, 
106, 0.633820, 
106, 0.635364, 
106, 0.636924, 
106, 0.638481, 
106, 0.640027, 
106, 0.651924, 
158, 0.656645, 
158, 0.658227, 
158, 0.659780, 
158, 0.661327, 
158, 0.662880, 
158, 0.664431, 
158, 0.665976, 
194, 0.677654, 
194, 0.679258, 
194, 0.680813, 
194, 0.682373, 
194, 0.683920, 
194, 0.685405, 
194, 0.686885, 
198, 0.701621, 
198, 0.703284, 
198, 0.704852, 
198, 0.706414, 
166, 0.726711, 
153, 0.741218, 
153, 0.742734, 
153, 0.744221, 
153, 0.745707, 
153, 0.747216, 
121, 0.756725, 
121, 0.758286, 
121, 0.759836, 
121, 0.761379, 
121, 0.762938, 
121, 0.764487, 
121, 0.766036, 
121, 0.767601, 
144, 0.776713, 
144, 0.778274, 
144, 0.779825, 
144, 0.781384, 
144, 0.782944, 
144, 0.784497, 
144, 0.786042, 
144, 0.787512, 
151, 0.799055, 
151, 0.800783, 
151, 0.802331, 
151, 0.803879, 
151, 0.805435, 
151, 0.807002, 
132, 0.817786, 
132, 0.821124, 
132, 0.822644, 
132, 0.824135, 
132, 0.825614, 
132, 0.827097, 
143, 0.838318, 
143, 0.839850, 
143, 0.841337, 
143, 0.842831, 
143, 0.844332, 
143, 0.845893, 
143, 0.847441, 
134, 0.856587, 
134, 0.858083, 
134, 0.859587, 
134, 0.861076, 
134, 0.862559, 
134, 0.864035, 
134, 0.865512, 
134, 0.867075, 
137, 0.877387, 
137, 0.879825, 
137, 0.881375, 
137, 0.882912, 
137, 0.884462, 
137, 0.886014, 
137, 0.887554, 
146, 0.899216, 
146, 0.900703, 
146, 0.902174, 
146, 0.903642, 
146, 0.905115, 
146, 0.906581, 
146, 0.908057, 
148, 0.917704, 
148, 0.919251, 
148, 0.921204, 
148, 0.922732, 
148, 0.924199, 
148, 0.925669, 
148, 0.927126, 
158, 0.940498, 
158, 0.942049, 
158, 0.943599, 
158, 0.945133, 
158, 0.946664, 
158, 0.948189, 
118, 0.956634, 
118, 0.958186, 
118, 0.959725, 
118, 0.961202, 
118, 0.962674, 
118, 0.964146, 
118, 0.965620, 
118, 0.967118, 
104, 0.974794, 
104, 0.976349, 
104, 0.977881, 
104, 0.979421, 
104, 0.984521, 
104, 0.986023, 
104, 0.987502, 
122, 0.994727, 
122, 0.996218, 
122, 0.997688, 
122, 0.999159, 
122, 1.000714, 
122, 1.002250, 
122, 1.003719, 
122, 1.005191, 
122, 1.006659, 
122, 1.008131, 
152, 1.017408, 
152, 1.021263, 
152, 1.022822, 
152, 1.024360, 
152, 1.025855, 
152, 1.027326, 
152, 1.028818, 
163, 1.036653, 
163, 1.038154, 
163, 1.039629, 
163, 1.041066, 
163, 1.042545, 
163, 1.044015, 
163, 1.045488, 
163, 1.046928, 
163, 1.048399, 
168, 1.058985, 
168, 1.062101, 
168, 1.063586, 
168, 1.065058, 
168, 1.066569, 
168, 1.068065, 
173, 1.082127, 
173, 1.083680, 
173, 1.085142, 
173, 1.086609, 
173, 1.088080, 
175, 1.100456, 
175, 1.103283, 
175, 1.104725, 
175, 1.106179, 
175, 1.107619, 
175, 1.109050, 
127, 1.118355, 
127, 1.119847, 
127, 1.121302, 
127, 1.122801, 
127, 1.124294, 
127, 1.125746, 
127, 1.127179, 
127, 1.128634, 
153, 1.138357, 
153, 1.139831, 
153, 1.141267, 
153, 1.142685, 
153, 1.144139, 
153, 1.145604, 
153, 1.147060, 
167, 1.168492, 
167, 1.170045, 
167, 1.171599, 
153, 1.182883, 
153, 1.184436, 
153, 1.185985, 
153, 1.187519, 
153, 1.189054, 
153, 1.190590, 
144, 1.200871, 
144, 1.202422, 
144, 1.203974, 
144, 1.205516, 
144, 1.207048, 
144, 1.208590, 
144, 1.210122, 
144, 1.211666, 
157, 1.220275, 
157, 1.221837, 
157, 1.223393, 
157, 1.224958, 
157, 1.226524, 
157, 1.228102, 
157, 1.229698, 
157, 1.231289, 
152, 1.241893, 
152, 1.243486, 
152, 1.245023, 
152, 1.246556, 
152, 1.248099, 
152, 1.249632, 
152, 1.251178, 
139, 1.263028, 
139, 1.264586, 
139, 1.266115, 
139, 1.267666, 
139, 1.269549, 
139, 1.271102, 
160, 1.282436, 
160, 1.283983, 
160, 1.285525, 
160, 1.287068, 
160, 1.288617, 
160, 1.290151, 
160, 1.291709, 
146, 1.307140, 
146, 1.309099, 
146, 1.310636, 
146, 1.312160, 
116, 1.320383, 
116, 1.321930, 
116, 1.323476, 
116, 1.325020, 
116, 1.326551, 
116, 1.328108, 
116, 1.329658, 
116, 1.331201, 
116, 1.332781, 
107, 1.339141, 
107, 1.340692, 
107, 1.342117, 
107, 1.343540, 
107, 1.344959, 
107, 1.346379, 
107, 1.347852, 
107, 1.349325, 
107, 1.350775, 
107, 1.352253, 
114, 1.358683, 
114, 1.360134, 
114, 1.361571, 
114, 1.363012, 
114, 1.364441, 
114, 1.365884, 
114, 1.367325, 
114, 1.368765, 
114, 1.370207, 
114, 1.371645, 
136, 1.381649, 
136, 1.383119, 
136, 1.384573, 
136, 1.386081, 
136, 1.387562, 
136, 1.389039, 
136, 1.390514, 
136, 1.391958, 
167, 1.403398, 
167, 1.404873, 
167, 1.406353, 
167, 1.407898, 
167, 1.409335, 
167, 1.410773, 
167, 1.412217, 
152, 1.422738, 
152, 1.424180, 
152, 1.425598, 
152, 1.427027, 
152, 1.428457, 
152, 1.429926, 
152, 1.431395, 
152, 1.432872, 
161, 1.443418, 
161, 1.444910, 
161, 1.446397, 
161, 1.447883, 
161, 1.449328, 
161, 1.450783, 
161, 1.452227, 
140, 1.464666, 
140, 1.466110, 
140, 1.467533, 
140, 1.468957, 
140, 1.470377, 
140, 1.471794, 
141, 1.480441, 
141, 1.481905, 
141, 1.483386, 
141, 1.484860, 
141, 1.490291, 
141, 1.491728, 
141, 1.493144, 
169, 1.501736, 
169, 1.503236, 
169, 1.504706, 
169, 1.506185, 
169, 1.507714, 
169, 1.509225, 
169, 1.510782, 
169, 1.512308, 
171, 1.526843, 
171, 1.528534, 
171, 1.530091, 
171, 1.531633, 
171, 1.533125, 
161, 1.544043, 
161, 1.545600, 
161, 1.547194, 
161, 1.548748, 
161, 1.550412, 
161, 1.551961, 
161, 1.553499, 
151, 1.563057, 
151, 1.564632, 
151, 1.566183, 
151, 1.567726, 
151, 1.569273, 
151, 1.570861, 
151, 1.572417, 
146, 1.587808, 
166, 1.604531, 
166, 1.606085, 
166, 1.607646, 
166, 1.609200, 
166, 1.610771, 
166, 1.612322, 
166, 1.613898, 
116, 1.622471, 
116, 1.627199, 
116, 1.628749, 
116, 1.630303, 
116, 1.631858, 
116, 1.633413, 
150, 1.642220, 
150, 1.643725, 
150, 1.645214, 
150, 1.646687, 
150, 1.648273, 
150, 1.649768, 
150, 1.651244, 
150, 1.653862, 
133, 1.669263, 
133, 1.672559, 
133, 1.674038, 
133, 1.675597, 
111, 1.683143, 
111, 1.684709, 
111, 1.686253, 
111, 1.687799, 
111, 1.689359, 
111, 1.690905, 
111, 1.692451, 
111, 1.693997, 
111, 1.695544, 
107, 1.702414, 
107, 1.703980, 
107, 1.705525, 
107, 1.707076, 
107, 1.708653, 
107, 1.710217, 
107, 1.711754, 
107, 1.713297, 
107, 1.714836, 
127, 1.722600, 
127, 1.724169, 
127, 1.725727, 
127, 1.727281, 
127, 1.728842, 
127, 1.730399, 
127, 1.731947, 
127, 1.733457, 
127, 1.734889, 
145, 1.744446, 
145, 1.745936, 
145, 1.747416, 
145, 1.748899, 
145, 1.750370, 
145, 1.751860, 
145, 1.753365, 
145, 1.754879, 
145, 1.756645, 
162, 1.770246, 
162, 1.771774, 
162, 1.773206, 
162, 1.774629, 
162, 1.776040, 
154, 1.787569, 
154, 1.789063, 
154, 1.790499, 
154, 1.791923, 
154, 1.793336, 
154, 1.794787, 
154, 1.796237, 
159, 1.807985, 
159, 1.809465, 
159, 1.810933, 
159, 1.812393, 
159, 1.813853, 
159, 1.815292, 
131, 1.828659, 
131, 1.830249, 
131, 1.831680, 
131, 1.833118, 
131, 1.834549, 
131, 1.836030, 
142, 1.843840, 
142, 1.845358, 
142, 1.846863, 
142, 1.848330, 
142, 1.849797, 
142, 1.851383, 
142, 1.852886, 
142, 1.854368, 
142, 1.855829, 
157, 1.867157, 
157, 1.868619, 
157, 1.870135, 
157, 1.871611, 
157, 1.873115, 
157, 1.874565, 
157, 1.876009, 
160, 1.887727, 
160, 1.889283, 
160, 1.890806, 
160, 1.892264, 
160, 1.893783, 
160, 1.895205, 
160, 1.896692, 
152, 1.905573, 
152, 1.907070, 
152, 1.908533, 
152, 1.910029, 
152, 1.911533, 
152, 1.913023, 
152, 1.914521, 
152, 1.916016, 
139, 1.925937, 
139, 1.927394, 
139, 1.928894, 
139, 1.930587, 
139, 1.932030, 
139, 1.933650, 
139, 1.935140, 
139, 1.936642, 
147, 1.947948, 
147, 1.949400, 
147, 1.950899, 
147, 1.952344, 
147, 1.953853, 
147, 1.955278, 
147, 1.956783, 
167, 1.967701, 
167, 1.969200, 
167, 1.970643, 
167, 1.972120, 
167, 1.973560, 
167, 1.975095, 
167, 1.976534, 
150, 1.985611, 
150, 1.987143, 
150, 1.988611, 
150, 1.993316, 
150, 1.994877, 
150, 1.996341, 
175, 2.007452, 
175, 2.010406, 
175, 2.011941, 
175, 2.013492, 
175, 2.015040, 
175, 2.016584, 
133, 2.027492, 
133, 2.028923, 
133, 2.030353, 
133, 2.031778, 
133, 2.033201, 
133, 2.034621, 
133, 2.036146, 
133, 2.037643, 
111, 2.044060, 
111, 2.045548, 
111, 2.047066, 
111, 2.048542, 
111, 2.050110, 
111, 2.051641, 
111, 2.053198, 
111, 2.054790, 
111, 2.056354, 
111, 2.058117, 
108, 2.064838, 
108, 2.066318, 
108, 2.067797, 
108, 2.069269, 
108, 2.070763, 
108, 2.072239, 
108, 2.073711, 
108, 2.075183, 
108, 2.076679, 
154, 2.086002, 
154, 2.087501, 
154, 2.088977, 
154, 2.090445, 
154, 2.091906, 
154, 2.093373, 
154, 2.094854, 
154, 2.096321, 
154, 2.097816, 
168, 2.107633, 
168, 2.109117, 
168, 2.110757, 
168, 2.112222, 
168, 2.113682, 
168, 2.115146, 
168, 2.116665, 
168, 2.118168, 
166, 2.128557, 
166, 2.130031, 
166, 2.131495, 
166, 2.132965, 
166, 2.134425, 
166, 2.135895, 
166, 2.137362, 
160, 2.148523, 
160, 2.150098, 
160, 2.151618, 
160, 2.153082, 
160, 2.154542, 
160, 2.156008, 
160, 2.157465, 
166, 2.171208, 
166, 2.173680, 
166, 2.175130, 
166, 2.176555, 
166, 2.177968, 
130, 2.187718, 
130, 2.189158, 
130, 2.190594, 
130, 2.192141, 
130, 2.193669, 
130, 2.195172, 
130, 2.196688, 
130, 2.198205, 
146, 2.208017, 
146, 2.209546, 
146, 2.211046, 
146, 2.212539, 
146, 2.214107, 
146, 2.215656, 
146, 2.217195, 
146, 2.218803, 
157, 2.228675, 
157, 2.230243, 
157, 2.231788, 
157, 2.233309, 
157, 2.234871, 
157, 2.236413, 
157, 2.237944, 
140, 2.248556, 
140, 2.250048, 
140, 2.251509, 
140, 2.252968, 
140, 2.254435, 
140, 2.255906, 
140, 2.257368, 
140, 2.258963, 
142, 2.268225, 
142, 2.269713, 
142, 2.271228, 
142, 2.272694, 
142, 2.274211, 
142, 2.275679, 
142, 2.277149, 
142, 2.278615, 
145, 2.287250, 
145, 2.288748, 
145, 2.290231, 
145, 2.291721, 
145, 2.293188, 
145, 2.294649, 
145, 2.296179, 
145, 2.297641, 
145, 2.299141, 
134, 2.307308, 
134, 2.308756, 
134, 2.310177, 
134, 2.311601, 
134, 2.313074, 
134, 2.314539, 
134, 2.316038, 
134, 2.317491, 
134, 2.318928, 
136, 2.331399, 
136, 2.334604, 
136, 2.336025, 
136, 2.337447, 
136, 2.338879, 
156, 2.348506, 
156, 2.350074, 
156, 2.351668, 
156, 2.353260, 
156, 2.354899, 
156, 2.356503, 
156, 2.358105, 
156, 2.370922, 
156, 2.372433, 
156, 2.373942, 
156, 2.375408, 
156, 2.376873, 
156, 2.378336, 
119, 2.386700, 
119, 2.388208, 
119, 2.389674, 
119, 2.391146, 
119, 2.392614, 
119, 2.394082, 
119, 2.395553, 
119, 2.397048, 
119, 2.398489, 
107, 2.406129, 
107, 2.407721, 
107, 2.409259, 
107, 2.410818, 
107, 2.412373, 
107, 2.413924, 
107, 2.415469, 
107, 2.417013, 
107, 2.418542, 
113, 2.426118, 
113, 2.427667, 
113, 2.429220, 
113, 2.430710, 
113, 2.432177, 
113, 2.433638, 
113, 2.435181, 
113, 2.436671, 
113, 2.438221, 
113, 2.439811, 
138, 2.449302, 
138, 2.450888, 
138, 2.452435, 
138, 2.453976, 
138, 2.455460, 
138, 2.456971, 
138, 2.458542, 
176, 2.470415, 
176, 2.471943, 
176, 2.473497, 
176, 2.475036, 
176, 2.476581, 
176, 2.478115, 
176, 2.479657, 
159, 2.489699, 
159, 2.491247, 
159, 2.492786, 
159, 2.498536, 
159, 2.500215, 
178, 2.509681, 
178, 2.515132, 
178, 2.516686, 
178, 2.518244, 
178, 2.519784, 
152, 2.533800, 
152, 2.535423, 
152, 2.536969, 
152, 2.538504, 
152, 2.540048, 
140, 2.547715, 
140, 2.549263, 
140, 2.550801, 
140, 2.552345, 
140, 2.553879, 
140, 2.555415, 
140, 2.556956, 
140, 2.558499, 
140, 2.560035, 
159, 2.570471, 
159, 2.572030, 
159, 2.573570, 
159, 2.575117, 
159, 2.576653, 
159, 2.578187, 
159, 2.579726, 
156, 2.591018, 
156, 2.592578, 
156, 2.594121, 
156, 2.595668, 
156, 2.597204, 
156, 2.598759, 
156, 2.600299, 
150, 2.609365, 
150, 2.610824, 
150, 2.612243, 
150, 2.613657, 
150, 2.615110, 
150, 2.616527, 
150, 2.617940, 
150, 2.619372, 
146, 2.629430, 
146, 2.630894, 
146, 2.632374, 
146, 2.633846, 
146, 2.635372, 
146, 2.636866, 
146, 2.638322, 
146, 2.639778, 
151, 2.650888, 
151, 2.652331, 
151, 2.653769, 
151, 2.655194, 
151, 2.656666, 
151, 2.658133, 
151, 2.659601, 
169, 2.670721, 
169, 2.672852, 
169, 2.674487, 
169, 2.675960, 
169, 2.677481, 
169, 2.679012, 
169, 2.680524, 
155, 2.689503, 
155, 2.691014, 
155, 2.693585, 
155, 2.695257, 
155, 2.696857, 
155, 2.698393, 
155, 2.699935, 
175, 2.714693, 
175, 2.716342, 
175, 2.717890, 
175, 2.719427, 
175, 2.720982, 
134, 2.733261, 
134, 2.737039, 
134, 2.738591, 
134, 2.740129, 
134, 2.741704, 
112, 2.748452, 
112, 2.750123, 
112, 2.756292, 
112, 2.757851, 
112, 2.759407, 
112, 2.760970, 
107, 2.772473, 
107, 2.774059, 
107, 2.775616, 
107, 2.777171, 
107, 2.778736, 
107, 2.780301, 
111, 2.788251, 
111, 2.789838, 
111, 2.791401, 
111, 2.793018, 
111, 2.794570, 
111, 2.796116, 
111, 2.797653, 
111, 2.799188, 
111, 2.800747, 
133, 2.812459, 
133, 2.813997, 
133, 2.815556, 
133, 2.817111, 
133, 2.818657, 
133, 2.820738, 
173, 2.837917, 
173, 2.839537, 
173, 2.841099, 
159, 2.851833, 
159, 2.853395, 
159, 2.854961, 
159, 2.856519, 
159, 2.858079, 
159, 2.859644, 
159, 2.861187, 
171, 2.871981, 
171, 2.873720, 
171, 2.875267, 
171, 2.876811, 
171, 2.878354, 
171, 2.879903, 
171, 2.881455, 
147, 2.893802, 
147, 2.898058, 
147, 2.899625, 
147, 2.901098, 
147, 2.902609, 
146, 2.909414, 
146, 2.910887, 
146, 2.912343, 
146, 2.913806, 
146, 2.915244, 
146, 2.916674, 
146, 2.918141, 
146, 2.919617, 
146, 2.921070, 
146, 2.922588, 
168, 2.931889, 
168, 2.933330, 
168, 2.934853, 
168, 2.936338, 
168, 2.937812, 
168, 2.939301, 
168, 2.940763, 
168, 2.942214, 
158, 2.953112, 
158, 2.954574, 
158, 2.956021, 
158, 2.957477, 
158, 2.958923, 
158, 2.960371, 
158, 2.961861, 
160, 2.972337, 
160, 2.973963, 
160, 2.975537, 
160, 2.977113, 
160, 2.978688, 
160, 2.980265, 
160, 2.981851, 
142, 2.990924, 
142, 2.992452, 
142, 2.993938, 
142, 2.995491, 
142, 2.997082, 
142, 3.001801, 
154, 3.015343, 
154, 3.016916, 
154, 3.018392, 
154, 3.019856, 
154, 3.021326, 
154, 3.022825, 
184, 3.032949, 
184, 3.034455, 
184, 3.035941, 
184, 3.037404, 
184, 3.038888, 
184, 3.040370, 
184, 3.041849, 
184, 3.043362, 
163, 3.051186, 
163, 3.052700, 
163, 3.054162, 
163, 3.055590, 
163, 3.057020, 
163, 3.058435, 
163, 3.059886, 
163, 3.061349, 
163, 3.062835, 
181, 3.074740, 
181, 3.076664, 
181, 3.078368, 
181, 3.079946, 
181, 3.081515, 
181, 3.083213, 
135, 3.093405, 
135, 3.094909, 
135, 3.096400, 
135, 3.097870, 
135, 3.099305, 
135, 3.100745, 
135, 3.102179, 
135, 3.103626, 
112, 3.109581, 
112, 3.111093, 
112, 3.112564, 
112, 3.114064, 
112, 3.115586, 
112, 3.117033, 
112, 3.118501, 
112, 3.120015, 
112, 3.121480, 
112, 3.123010, 
102, 3.129930, 
102, 3.131462, 
102, 3.133047, 
102, 3.134507, 
102, 3.135963, 
102, 3.137439, 
102, 3.138930, 
102, 3.140404, 
102, 3.141874, 
102, 3.143359, 
152, 3.151152, 
152, 3.152677, 
152, 3.154216, 
152, 3.155676, 
152, 3.157139, 
152, 3.158636, 
152, 3.160186, 
152, 3.161732, 
152, 3.163376, 
158, 3.174771, 
158, 3.177566, 
158, 3.179083, 
158, 3.180557, 
158, 3.182042, 
158, 3.183478, 
175, 3.194747, 
175, 3.196653, 
175, 3.198133, 
175, 3.199692, 
175, 3.201153, 
175, 3.202651, 
175, 3.204144, 
174, 3.215785, 
174, 3.218481, 
174, 3.220013, 
174, 3.221546, 
174, 3.223121, 
171, 3.238399, 
171, 3.241932, 
171, 3.243471, 
125, 3.253225, 
125, 3.254739, 
125, 3.256227, 
125, 3.257707, 
125, 3.259195, 
125, 3.260763, 
125, 3.262308, 
125, 3.263848, 
148, 3.273760, 
148, 3.275324, 
148, 3.276865, 
148, 3.278415, 
148, 3.279957, 
148, 3.281513, 
148, 3.283066, 
148, 3.284611, 
154, 3.295398, 
154, 3.296963, 
154, 3.298501, 
154, 3.300047, 
154, 3.303944, 
137, 3.314992, 
137, 3.316635, 
137, 3.318179, 
137, 3.319726, 
137, 3.321264, 
137, 3.322818, 
137, 3.324357, 
146, 3.336420, 
146, 3.341960, 
146, 3.343517, 
146, 3.345056, 
144, 3.355301, 
144, 3.356874, 
144, 3.358399, 
144, 3.359965, 
144, 3.361515, 
144, 3.363059, 
144, 3.364807, 
139, 3.375175, 
139, 3.376793, 
139, 3.378342, 
139, 3.379868, 
139, 3.381431, 
139, 3.382997, 
139, 3.384558, 
146, 3.404516, 
149, 3.416800, 
149, 3.423231, 
149, 3.424788, 
151, 3.438208, 
151, 3.443280, 
151, 3.444841, 
115, 3.454588, 
115, 3.456153, 
115, 3.457705, 
115, 3.459253, 
115, 3.460823, 
115, 3.462386, 
115, 3.463940, 
115, 3.465505, 
102, 3.472079, 
102, 3.473682, 
102, 3.475218, 
102, 3.476777, 
102, 3.478336, 
102, 3.479927, 
102, 3.481472, 
102, 3.483015, 
102, 3.484578, 
105, 3.492357, 
105, 3.493926, 
105, 3.495475, 
105, 3.497024, 
105, 3.498572, 
105, 3.500129, 
105, 3.505483, 
157, 3.513574, 
157, 3.515145, 
157, 3.516683, 
157, 3.518206, 
157, 3.519765, 
157, 3.521312, 
157, 3.522878, 
157, 3.524425, 
157, 3.525971, 
212, 3.536203, 
212, 3.539415, 
212, 3.540974, 
212, 3.542511, 
212, 3.544052, 
212, 3.545594, 
162, 3.559448, 
162, 3.562875, 
158, 3.579155, 
158, 3.580648, 
158, 3.582070, 
158, 3.583493, 
158, 3.584904, 
158, 3.586332, 
134, 3.599548, 
134, 3.601005, 
134, 3.602444, 
134, 3.603942, 
134, 3.605414, 
126, 3.614789, 
126, 3.616397, 
126, 3.617896, 
126, 3.619360, 
126, 3.620794, 
126, 3.622255, 
126, 3.623728, 
126, 3.625173, 
126, 3.626609, 
147, 3.636343, 
147, 3.637818, 
147, 3.639237, 
147, 3.640659, 
147, 3.642107, 
147, 3.643588, 
147, 3.645063, 
147, 3.646543, 
149, 3.658868, 
149, 3.660367, 
149, 3.661851, 
149, 3.663337, 
149, 3.664784, 
149, 3.666226, 
133, 3.677601, 
133, 3.679078, 
133, 3.680794, 
133, 3.682230, 
133, 3.683681, 
133, 3.685163, 
133, 3.686634, 
133, 3.696216, 
133, 3.697696, 
133, 3.699214, 
133, 3.700661, 
133, 3.702085, 
133, 3.703550, 
133, 3.705003, 
133, 3.706442, 
148, 3.715587, 
148, 3.717161, 
148, 3.718697, 
148, 3.720263, 
148, 3.721793, 
148, 3.723302, 
148, 3.724748, 
148, 3.726439, 
145, 3.737288, 
145, 3.738917, 
145, 3.740470, 
145, 3.742004, 
145, 3.743538, 
145, 3.745081, 
145, 3.746629, 
131, 3.759134, 
131, 3.760730, 
131, 3.762275, 
131, 3.763906, 
131, 3.765473, 
131, 3.767031, 
149, 3.778140, 
149, 3.779635, 
149, 3.781118, 
149, 3.782679, 
149, 3.784232, 
149, 3.785779, 
149, 3.787316, 
134, 3.799813, 
134, 3.804626, 
134, 3.806189, 
110, 3.815083, 
110, 3.819126, 
110, 3.820602, 
110, 3.822086, 
110, 3.823556, 
110, 3.825024, 
110, 3.826495, 
102, 3.833432, 
102, 3.834912, 
102, 3.837591, 
102, 3.840563, 
102, 3.842125, 
102, 3.843678, 
102, 3.845215, 
102, 3.846788, 
124, 3.854171, 
124, 3.855741, 
124, 3.857435, 
124, 3.858976, 
124, 3.860516, 
124, 3.862065, 
124, 3.863602, 
124, 3.865138, 
124, 3.866687, 
159, 3.880092, 
159, 3.881638, 
159, 3.883120, 
159, 3.884680, 
159, 3.886232, 
159, 3.887780, 
170, 3.900625, 
170, 3.903603, 
170, 3.905100, 
170, 3.906658, 
156, 3.920741, 
156, 3.927212, 
157, 3.940168, 
157, 3.941622, 
157, 3.943088, 
157, 3.944502, 
157, 3.945949, 
157, 3.947430, 
131, 3.960846, 
131, 3.962308, 
131, 3.963732, 
131, 3.965158, 
131, 3.966689, 
131, 3.968263, 
131, 3.976592, 
131, 3.978123, 
131, 3.979659, 
131, 3.981184, 
131, 3.982790, 
131, 3.984244, 
131, 3.985789, 
131, 3.987224, 
148, 3.998341, 
148, 3.999791, 
148, 4.001290, 
148, 4.002783, 
148, 4.006729, 
148, 4.008244, 
144, 4.019130, 
144, 4.022192, 
144, 4.023741, 
144, 4.025274, 
144, 4.026844, 
144, 4.028366, 
135, 4.037693, 
135, 4.039278, 
135, 4.040804, 
135, 4.042340, 
135, 4.043896, 
135, 4.045428, 
135, 4.046977, 
135, 4.048518, 
144, 4.057861, 
144, 4.059413, 
144, 4.060944, 
144, 4.062464, 
144, 4.063995, 
144, 4.065525, 
144, 4.067076, 
144, 4.068603, 
164, 4.078037, 
164, 4.079586, 
164, 4.081123, 
164, 4.082660, 
164, 4.084198, 
164, 4.085726, 
164, 4.087258, 
164, 4.088801, 
156, 4.098282, 
156, 4.099829, 
156, 4.101356, 
156, 4.102916, 
156, 4.104447, 
156, 4.106156, 
156, 4.107676, 
141, 4.121967, 
141, 4.123500, 
141, 4.124958, 
141, 4.126401, 
141, 4.127850, 
153, 4.140592, 
153, 4.142054, 
153, 4.143501, 
153, 4.144960, 
153, 4.146423, 
153, 4.147876, 
130, 4.161700, 
130, 4.163157, 
130, 4.164600, 
130, 4.166050, 
130, 4.167493, 
130, 4.168940, 
104, 4.176566, 
104, 4.178016, 
104, 4.179490, 
104, 4.180962, 
104, 4.182408, 
104, 4.183877, 
104, 4.185345, 
104, 4.186825, 
104, 4.188270, 
102, 4.195167, 
102, 4.196639, 
102, 4.198081, 
102, 4.199568, 
102, 4.201036, 
102, 4.202479, 
102, 4.203937, 
102, 4.205374, 
102, 4.206859, 
102, 4.208342, 
117, 4.215664, 
117, 4.217120, 
117, 4.218585, 
117, 4.220032, 
117, 4.221487, 
117, 4.223107, 
117, 4.224561, 
117, 4.226017, 
117, 4.227484, 
117, 4.228949, 
134, 4.240234, 
134, 4.241856, 
134, 4.243325, 
134, 4.244790, 
134, 4.246262, 
134, 4.247722, 
134, 4.249182, 
148, 4.261402, 
148, 4.262894, 
148, 4.264376, 
148, 4.265867, 
148, 4.267344, 
148, 4.268815, 
150, 4.280667, 
150, 4.282131, 
150, 4.283593, 
150, 4.285061, 
150, 4.286526, 
150, 4.287994, 
150, 4.289528, 
155, 4.300489, 
155, 4.301948, 
155, 4.303414, 
155, 4.304886, 
155, 4.306356, 
155, 4.307820, 
155, 4.309323, 
132, 4.322708, 
132, 4.324257, 
132, 4.325736, 
132, 4.327203, 
132, 4.328677, 
134, 4.337425, 
134, 4.338897, 
134, 4.343912, 
134, 4.345385, 
134, 4.346872, 
134, 4.348361, 
134, 4.349874, 
169, 4.361610, 
169, 4.363259, 
169, 4.364858, 
169, 4.366419, 
169, 4.367999, 
169, 4.369574, 
159, 4.382728, 
159, 4.385319, 
159, 4.386764, 
159, 4.388184, 
159, 4.389604, 
144, 4.401346, 
144, 4.402815, 
144, 4.404253, 
144, 4.405704, 
144, 4.407132, 
144, 4.408557, 
144, 4.409987, 
135, 4.419843, 
135, 4.421301, 
135, 4.422768, 
135, 4.424201, 
135, 4.425639, 
135, 4.427112, 
135, 4.428547, 
135, 4.430008, 
132, 4.441811, 
132, 4.443242, 
132, 4.444653, 
132, 4.446069, 
132, 4.447499, 
132, 4.448914, 
132, 4.450338, 
152, 4.460371, 
152, 4.461828, 
152, 4.463281, 
152, 4.464736, 
152, 4.466169, 
152, 4.467598, 
152, 4.469026, 
152, 4.470458, 
137, 4.480119, 
137, 4.481706, 
137, 4.483233, 
137, 4.484806, 
137, 4.486431, 
137, 4.487994, 
137, 4.489690, 
151, 4.503780, 
151, 4.506911, 
151, 4.508467, 
151, 4.509993, 
120, 4.523590, 
120, 4.525171, 
120, 4.526718, 
120, 4.528251, 
120, 4.529758, 
103, 4.537794, 
103, 4.539354, 
103, 4.540897, 
103, 4.542433, 
103, 4.543974, 
103, 4.545513, 
103, 4.547049, 
103, 4.548637, 
103, 4.550213, 
101, 4.557433, 
101, 4.563223, 
101, 4.564807, 
101, 4.566347, 
101, 4.567903, 
101, 4.569460, 
101, 4.571011, 
124, 4.578149, 
124, 4.579721, 
124, 4.581271, 
124, 4.582900, 
124, 4.584476, 
124, 4.586106, 
124, 4.587704, 
124, 4.589278, 
124, 4.590877, 
143, 4.600402, 
143, 4.602042, 
143, 4.603616, 
143, 4.605176, 
143, 4.606738, 
143, 4.608306, 
143, 4.609885, 
143, 4.611476, 
124, 4.624390, 
124, 4.625952, 
124, 4.627494, 
124, 4.629029, 
124, 4.630575, 
134, 4.639183, 
134, 4.640733, 
134, 4.642262, 
134, 4.643809, 
134, 4.645394, 
134, 4.646972, 
134, 4.648531, 
134, 4.650070, 
150, 4.662291, 
150, 4.663862, 
150, 4.665414, 
150, 4.666985, 
150, 4.668540, 
150, 4.670079, 
131, 4.683892, 
131, 4.689421, 
127, 4.699812, 
127, 4.701374, 
127, 4.702941, 
127, 4.704507, 
127, 4.706070, 
127, 4.707631, 
127, 4.709172, 
127, 4.710733, 
146, 4.723149, 
146, 4.724713, 
146, 4.726289, 
146, 4.727846, 
146, 4.729387, 
146, 4.730955, 
143, 4.743395, 
143, 4.746820, 
143, 4.748373, 
143, 4.749926, 
143, 4.751471, 
132, 4.761454, 
132, 4.767207, 
132, 4.768765, 
132, 4.770314, 
132, 4.771874, 
135, 4.782741, 
135, 4.784342, 
135, 4.785908, 
135, 4.787468, 
135, 4.789026, 
135, 4.790648, 
135, 4.792198, 
151, 4.802351, 
151, 4.803879, 
151, 4.805380, 
151, 4.806961, 
151, 4.808514, 
151, 4.810045, 
151, 4.811575, 
147, 4.821631, 
147, 4.823216, 
147, 4.824738, 
147, 4.826277, 
147, 4.827798, 
147, 4.829321, 
147, 4.830881, 
147, 4.832505, 
133, 4.847539, 
133, 4.849236, 
133, 4.850816, 
133, 4.852343, 
158, 4.863244, 
158, 4.864839, 
158, 4.866392, 
158, 4.867948, 
158, 4.869489, 
158, 4.871021, 
158, 4.872555, 
137, 4.887836, 
137, 4.889467, 
137, 4.891016, 
137, 4.892555, 
106, 4.901086, 
106, 4.902658, 
106, 4.904193, 
106, 4.905726, 
106, 4.907278, 
106, 4.908825, 
106, 4.910350, 
106, 4.911883, 
102, 4.919627, 
102, 4.921183, 
102, 4.922750, 
102, 4.924258, 
102, 4.925786, 
102, 4.927290, 
102, 4.928853, 
102, 4.930431, 
102, 4.931961, 
111, 4.939654, 
111, 4.941216, 
111, 4.942783, 
111, 4.944307, 
111, 4.945829, 
111, 4.947365, 
111, 4.949000, 
111, 4.950549, 
111, 4.952087, 
128, 4.962436, 
128, 4.963973, 
128, 4.965612, 
128, 4.967189, 
128, 4.968714, 
128, 4.970243, 
128, 4.971775, 
128, 4.973308, 
151, 4.985275, 
151, 4.986874, 
151, 4.988588, 
151, 4.990121, 
151, 4.991674, 
151, 4.993208, 
144, 5.003845, 
144, 5.005429, 
144, 5.007042, 
144, 5.008660, 
144, 5.010269, 
155, 5.024095, 
155, 5.025663, 
155, 5.027264, 
155, 5.028831, 
155, 5.030428, 
155, 5.031900, 
155, 5.033383, 
138, 5.046732, 
138, 5.048264, 
138, 5.049754, 
138, 5.051228, 
138, 5.052687, 
137, 5.061286, 
137, 5.062792, 
137, 5.064266, 
137, 5.065723, 
137, 5.067176, 
137, 5.068647, 
137, 5.070102, 
137, 5.071567, 
137, 5.073040, 
160, 5.083676, 
160, 5.085131, 
160, 5.086594, 
160, 5.088041, 
160, 5.089491, 
160, 5.090943, 
160, 5.092388, 
160, 5.093874, 
155, 5.105299, 
155, 5.106775, 
155, 5.108232, 
155, 5.109680, 
155, 5.111119, 
155, 5.112564, 
155, 5.114017, 
149, 5.123643, 
149, 5.125105, 
149, 5.126584, 
149, 5.128056, 
149, 5.129512, 
149, 5.130980, 
149, 5.132450, 
149, 5.133916, 
139, 5.142970, 
139, 5.144437, 
139, 5.145904, 
139, 5.147356, 
139, 5.148869, 
139, 5.150330, 
139, 5.151790, 
139, 5.153267, 
139, 5.165015, 
139, 5.166500, 
139, 5.167941, 
139, 5.169399, 
139, 5.170888, 
139, 5.172340, 
139, 5.173790, 
162, 5.186727, 
162, 5.188278, 
162, 5.189769, 
162, 5.191237, 
162, 5.192720, 
162, 5.194209, 
146, 5.203640, 
146, 5.205125, 
146, 5.206609, 
146, 5.208090, 
146, 5.209570, 
146, 5.211061, 
146, 5.212541, 
146, 5.214006, 
136, 5.225996, 
136, 5.227487, 
136, 5.229011, 
136, 5.230528, 
136, 5.231997, 
136, 5.233484, 
142, 5.243812, 
142, 5.245299, 
142, 5.246783, 
142, 5.248250, 
142, 5.249709, 
142, 5.251166, 
142, 5.252629, 
142, 5.254123, 
113, 5.261325, 
113, 5.262913, 
113, 5.264443, 
113, 5.265983, 
113, 5.267475, 
113, 5.269004, 
113, 5.270496, 
113, 5.271988, 
113, 5.273483, 
113, 5.274988, 
106, 5.281256, 
106, 5.282821, 
106, 5.286059, 
106, 5.287710, 
106, 5.289250, 
106, 5.290792, 
106, 5.292338, 
106, 5.293920, 
113, 5.301565, 
113, 5.303176, 
113, 5.304717, 
113, 5.306256, 
113, 5.307806, 
113, 5.309373, 
113, 5.310936, 
113, 5.312485, 
113, 5.314022, 
135, 5.324587, 
135, 5.326144, 
135, 5.327680, 
135, 5.329215, 
135, 5.330777, 
135, 5.332414, 
135, 5.333953, 
169, 5.345797, 
169, 5.351330, 
169, 5.352883, 
169, 5.354418, 
155, 5.365298, 
155, 5.366857, 
155, 5.368396, 
155, 5.369935, 
155, 5.371474, 
155, 5.373012, 
155, 5.374547, 
166, 5.386139, 
166, 5.387725, 
166, 5.389260, 
166, 5.390807, 
166, 5.392356, 
166, 5.393899, 
166, 5.395447, 
144, 5.410132, 
144, 5.411787, 
144, 5.413337, 
144, 5.414937, 
141, 5.423769, 
141, 5.429461, 
141, 5.431051, 
141, 5.432619, 
141, 5.434166, 
141, 5.435703, 
160, 5.445706, 
160, 5.447268, 
160, 5.448805, 
160, 5.450358, 
160, 5.451917, 
160, 5.453490, 
160, 5.455052, 
153, 5.467134, 
153, 5.471219, 
153, 5.472782, 
153, 5.474355, 
153, 5.475911, 
154, 5.485741, 
154, 5.487313, 
154, 5.488894, 
154, 5.490452, 
154, 5.491991, 
154, 5.493544, 
154, 5.495117, 
136, 5.504860, 
136, 5.509252, 
136, 5.510900, 
136, 5.512476, 
136, 5.514030, 
155, 5.534236, 
155, 5.535853, 
155, 5.537400, 
173, 5.549034, 
173, 5.555202, 
173, 5.556753, 
153, 5.566719, 
153, 5.568272, 
153, 5.569833, 
153, 5.571394, 
153, 5.572940, 
153, 5.574489, 
153, 5.576039, 
153, 5.577603, 
167, 5.589318, 
167, 5.593915, 
167, 5.595487, 
167, 5.597041, 
167, 5.598623, 
127, 5.608722, 
127, 5.610199, 
127, 5.611683, 
127, 5.613176, 
127, 5.614650, 
127, 5.616155, 
127, 5.617723, 
108, 5.624732, 
108, 5.626234, 
108, 5.627710, 
108, 5.629197, 
108, 5.630672, 
108, 5.632244, 
108, 5.633814, 
108, 5.635366, 
108, 5.636909, 
108, 5.638434, 
99, 5.644578, 
99, 5.646101, 
99, 5.647643, 
99, 5.649174, 
99, 5.650744, 
99, 5.652278, 
99, 5.653806, 
99, 5.655342, 
99, 5.656872, 
99, 5.658401, 
144, 5.665693, 
144, 5.667260, 
144, 5.668783, 
144, 5.670317, 
144, 5.671845, 
144, 5.673373, 
144, 5.674952, 
144, 5.676481, 
144, 5.678012, 
150, 5.690752, 
150, 5.692930, 
150, 5.694391, 
150, 5.695861, 
150, 5.697342, 
150, 5.698828, 
169, 5.709981, 
169, 5.712295, 
169, 5.713795, 
169, 5.715231, 
169, 5.716646, 
169, 5.718060, 
167, 5.730721, 
167, 5.733204, 
167, 5.734635, 
167, 5.736057, 
167, 5.737508, 
167, 5.738936, 
164, 5.753027, 
164, 5.755437, 
164, 5.756859, 
164, 5.758279, 
164, 5.759712, 
123, 5.768405, 
123, 5.769828, 
123, 5.771263, 
123, 5.772825, 
123, 5.774386, 
123, 5.775943, 
123, 5.777505, 
123, 5.779079, 
146, 5.789268, 
146, 5.790856, 
146, 5.792379, 
146, 5.793896, 
146, 5.795443, 
146, 5.796969, 
146, 5.798497, 
146, 5.800066, 
160, 5.810499, 
160, 5.812043, 
160, 5.813581, 
160, 5.815125, 
160, 5.816652, 
160, 5.818181, 
160, 5.819706, 
107, 5.830006, 
107, 5.831564, 
107, 5.833103, 
107, 5.834645, 
107, 5.836186, 
107, 5.837719, 
107, 5.839254, 
122, 5.846997, 
122, 5.848562, 
122, 5.850103, 
122, 5.851658, 
122, 5.856962, 
122, 5.858500, 
122, 5.860030, 
146, 5.867143, 
146, 5.868698, 
146, 5.870217, 
146, 5.871741, 
146, 5.873266, 
146, 5.874820, 
146, 5.876347, 
146, 5.877879, 
146, 5.879436, 
165, 5.891317, 
165, 5.895199, 
165, 5.896666, 
165, 5.898136, 
165, 5.899619, 
172, 5.911298, 
172, 5.912775, 
172, 5.914245, 
172, 5.915735, 
172, 5.917236, 
172, 5.918694, 
172, 5.920202, 
150, 5.929356, 
150, 5.930906, 
150, 5.932423, 
150, 5.933931, 
150, 5.935383, 
150, 5.936928, 
150, 5.938473, 
150, 5.940001, 
164, 5.952573, 
164, 5.954117, 
164, 5.955650, 
164, 5.957194, 
164, 5.958736, 
164, 5.960261, 
127, 5.971136, 
127, 5.972703, 
127, 5.974236, 
127, 5.975785, 
127, 5.977310, 
127, 5.978864, 
127, 5.980432, 
108, 5.987102, 
108, 5.988642, 
108, 5.990170, 
108, 5.991690, 
108, 5.993224, 
108, 5.994799, 
108, 5.996483, 
108, 5.998074, 
108, 5.999700, 
100, 6.007969, 
100, 6.009473, 
100, 6.010924, 
100, 6.012379, 
100, 6.013834, 
100, 6.015272, 
100, 6.016731, 
100, 6.018220, 
100, 6.019716, 
162, 6.031501, 
162, 6.033033, 
162, 6.034543, 
162, 6.036058, 
162, 6.037577, 
162, 6.039133, 
162, 6.040682, 
162, 6.042292, 
197, 6.052820, 
197, 6.056875, 
197, 6.058424, 
197, 6.059952, 
197, 6.061501, 
197, 6.074697, 
197, 6.078366, 
197, 6.079911, 
197, 6.081456, 
168, 6.098707, 
168, 6.100323, 
168, 6.101869, 
148, 6.116996, 
148, 6.118552, 
148, 6.120099, 
148, 6.121643, 
121, 6.132163, 
121, 6.133727, 
121, 6.135268, 
121, 6.136814, 
121, 6.138354, 
121, 6.139890, 
121, 6.141431, 
121, 6.142980, 
140, 6.152367, 
140, 6.153914, 
140, 6.155456, 
140, 6.157001, 
140, 6.158534, 
140, 6.160077, 
140, 6.161621, 
140, 6.163186, 
155, 6.173668, 
155, 6.175195, 
155, 6.176741, 
155, 6.178282, 
155, 6.179815, 
155, 6.181537, 
155, 6.183083, 
140, 6.196669, 
140, 6.198287, 
140, 6.199826, 
140, 6.201372, 
140, 6.202916, 
152, 6.212212, 
152, 6.213788, 
152, 6.215458, 
152, 6.216995, 
152, 6.218540, 
152, 6.220086, 
152, 6.221636, 
152, 6.223197, 
157, 6.232111, 
157, 6.233663, 
157, 6.235195, 
157, 6.236750, 
157, 6.238303, 
157, 6.239847, 
157, 6.241401, 
157, 6.242952, 
147, 6.252317, 
147, 6.253928, 
147, 6.255493, 
147, 6.256942, 
147, 6.258379, 
147, 6.259800, 
147, 6.261227, 
147, 6.262649, 
146, 6.276134, 
146, 6.277720, 
146, 6.279188, 
146, 6.280659, 
146, 6.282263, 
146, 6.283782, 
159, 6.294022, 
159, 6.295502, 
159, 6.296943, 
159, 6.298384, 
159, 6.299841, 
159, 6.301283, 
159, 6.302755, 
147, 6.315712, 
147, 6.317163, 
147, 6.318603, 
147, 6.320046, 
147, 6.321483, 
147, 6.322922, 
118, 6.331035, 
118, 6.332498, 
118, 6.333938, 
118, 6.335408, 
118, 6.336866, 
118, 6.338306, 
118, 6.339789, 
118, 6.341263, 
118, 6.342736, 
106, 6.349954, 
106, 6.351423, 
106, 6.352863, 
106, 6.354324, 
106, 6.355780, 
106, 6.361434, 
106, 6.362879, 
126, 6.370527, 
126, 6.372042, 
126, 6.373487, 
126, 6.374937, 
126, 6.376403, 
126, 6.377860, 
126, 6.379348, 
126, 6.380844, 
126, 6.382604, 
126, 6.384114, 
163, 6.394104, 
163, 6.396216, 
163, 6.397753, 
163, 6.399281, 
163, 6.400725, 
163, 6.402208, 
163, 6.403677, 
191, 6.420459, 
191, 6.422059, 
191, 6.423591, 
111, 6.436150, 
111, 6.437639, 
111, 6.439132, 
111, 6.440696, 
111, 6.442235, 
111, 6.443785, 
135, 6.452249, 
135, 6.458919, 
135, 6.460476, 
135, 6.462018, 
135, 6.463562, 
162, 6.475169, 
162, 6.479217, 
162, 6.480757, 
162, 6.482301, 
162, 6.483846, 
104, 6.492122, 
104, 6.493701, 
104, 6.495275, 
104, 6.496871, 
104, 6.498440, 
104, 6.499994, 
104, 6.501751, 
104, 6.503387, 
104, 6.504963, 
132, 6.511522, 
132, 6.513068, 
132, 6.514596, 
132, 6.516133, 
132, 6.523280, 
132, 6.530935, 
180, 6.541293, 
180, 6.543197, 
180, 6.544752, 
180, 6.546313, 
172, 6.558469, 
148, 6.576311, 
148, 6.577907, 
148, 6.579459, 
148, 6.581021, 
148, 6.582580, 
148, 6.584127, 
148, 6.585678, 
136, 6.596407, 
136, 6.597890, 
136, 6.599378, 
136, 6.600867, 
136, 6.602342, 
136, 6.603812, 
136, 6.605302, 
136, 6.606807, 
145, 6.618375, 
145, 6.619878, 
145, 6.621343, 
145, 6.622825, 
145, 6.624303, 
145, 6.625764, 
159, 6.636944, 
159, 6.638515, 
159, 6.640067, 
159, 6.641619, 
159, 6.643175, 
159, 6.644666, 
159, 6.646220, 
143, 6.655092, 
143, 6.656676, 
143, 6.658214, 
143, 6.659755, 
143, 6.661300, 
143, 6.662916, 
143, 6.664457, 
143, 6.665984, 
158, 6.678202, 
158, 6.679767, 
158, 6.681313, 
158, 6.682851, 
158, 6.684397, 
158, 6.685932, 
122, 6.700383, 
122, 6.701977, 
122, 6.703522, 
122, 6.705068, 
122, 6.706621, 
106, 6.713311, 
106, 6.714880, 
106, 6.716417, 
106, 6.717954, 
106, 6.719486, 
106, 6.721017, 
106, 6.722560, 
106, 6.724089, 
106, 6.725609, 
106, 6.727222, 
99, 6.733308, 
99, 6.734892, 
99, 6.736437, 
99, 6.737958, 
99, 6.739488, 
99, 6.741027, 
99, 6.742560, 
99, 6.744098, 
99, 6.745645, 
99, 6.747191, 
144, 6.754558, 
144, 6.756122, 
144, 6.757667, 
144, 6.759202, 
144, 6.760742, 
144, 6.762285, 
144, 6.763821, 
144, 6.765412, 
144, 6.766859, 
148, 6.775786, 
148, 6.777222, 
148, 6.778639, 
148, 6.780057, 
148, 6.781481, 
148, 6.782906, 
148, 6.784325, 
148, 6.785750, 
148, 6.787168, 
151, 6.798324, 
151, 6.799763, 
151, 6.801247, 
151, 6.802671, 
151, 6.804094, 
151, 6.805511, 
151, 6.806934, 
158, 6.817713, 
158, 6.819138, 
158, 6.820554, 
158, 6.821978, 
158, 6.823404, 
158, 6.824821, 
158, 6.826243, 
158, 6.827693, 
166, 6.838589, 
166, 6.840028, 
166, 6.841448, 
166, 6.842873, 
166, 6.844297, 
166, 6.845722, 
166, 6.847139, 
130, 6.855753, 
130, 6.857245, 
130, 6.858742, 
130, 6.860215, 
130, 6.867902, 
164, 6.876277, 
164, 6.877768, 
164, 6.879232, 
164, 6.880753, 
164, 6.882240, 
164, 6.883691, 
164, 6.885140, 
164, 6.886592, 
185, 6.898600, 
185, 6.901669, 
185, 6.903310, 
185, 6.904929, 
185, 6.906519, 
154, 6.918792, 
154, 6.920282, 
154, 6.921747, 
154, 6.923221, 
154, 6.924697, 
154, 6.926182, 
154, 6.927694, 
150, 6.937659, 
150, 6.939116, 
150, 6.940584, 
150, 6.942044, 
150, 6.943504, 
150, 6.945033, 
150, 6.946508, 
150, 6.948042, 
147, 6.956290, 
147, 6.958805, 
147, 6.960409, 
147, 6.961951, 
147, 6.963494, 
147, 6.965030, 
147, 6.966620, 
147, 6.968216, 
141, 6.977098, 
141, 6.983208, 
141, 6.984770, 
141, 6.986332, 
141, 6.987886, 
142, 7.003569, 
142, 7.005366, 
142, 7.007021, 
157, 7.018998, 
157, 7.020562, 
157, 7.022111, 
157, 7.023647, 
157, 7.025190, 
157, 7.026741, 
157, 7.028276, 
144, 7.042756, 
144, 7.044330, 
144, 7.045876, 
144, 7.047417, 
144, 7.048963, 
118, 7.056428, 
118, 7.058003, 
118, 7.059551, 
118, 7.061114, 
118, 7.062658, 
118, 7.064200, 
118, 7.065741, 
118, 7.067277, 
118, 7.068820, 
106, 7.075822, 
106, 7.077390, 
106, 7.078938, 
106, 7.080504, 
106, 7.082072, 
106, 7.083622, 
106, 7.085161, 
106, 7.086707, 
106, 7.088252, 
112, 7.095903, 
112, 7.097477, 
112, 7.099022, 
112, 7.100565, 
112, 7.102100, 
112, 7.103642, 
112, 7.105277, 
112, 7.106837, 
112, 7.108381, 
142, 7.118523, 
142, 7.120081, 
142, 7.121624, 
142, 7.123162, 
142, 7.124702, 
142, 7.126243, 
142, 7.127783, 
142, 7.129319, 
166, 7.139078, 
166, 7.140630, 
166, 7.142174, 
166, 7.143717, 
166, 7.145262, 
166, 7.146820, 
166, 7.148372, 
106, 7.160383, 
106, 7.161972, 
106, 7.163439, 
106, 7.164896, 
106, 7.166341, 
106, 7.167793, 
106, 7.169234, 
139, 7.177126, 
139, 7.178597, 
139, 7.180082, 
139, 7.181569, 
139, 7.183095, 
139, 7.184553, 
139, 7.186024, 
139, 7.187701, 
139, 7.189186, 
168, 7.202759, 
168, 7.204468, 
168, 7.205934, 
168, 7.207436, 
168, 7.208929, 
142, 7.219399, 
142, 7.220894, 
142, 7.222364, 
142, 7.223839, 
142, 7.225325, 
142, 7.226814, 
142, 7.228306, 
142, 7.229785, 
156, 7.237643, 
156, 7.239144, 
156, 7.240616, 
156, 7.242091, 
156, 7.243567, 
156, 7.245027, 
156, 7.246501, 
156, 7.247983, 
156, 7.249450, 
170, 7.260245, 
170, 7.261711, 
170, 7.263175, 
170, 7.264641, 
170, 7.266105, 
170, 7.267567, 
170, 7.269036, 
162, 7.282714, 
162, 7.284233, 
162, 7.285648, 
162, 7.287102, 
162, 7.288557, 
162, 7.289975, 
151, 7.298890, 
151, 7.300319, 
151, 7.301765, 
151, 7.303269, 
151, 7.304768, 
151, 7.306283, 
151, 7.307762, 
151, 7.309293, 
145, 7.319100, 
145, 7.320589, 
145, 7.322149, 
145, 7.323704, 
145, 7.325199, 
145, 7.326677, 
145, 7.328150, 
145, 7.329670, 
155, 7.340545, 
155, 7.342028, 
155, 7.343461, 
155, 7.344928, 
155, 7.346408, 
155, 7.347870, 
155, 7.349356, 
160, 7.365524, 
160, 7.367193, 
160, 7.368748, 
154, 7.380207, 
154, 7.381785, 
154, 7.383333, 
154, 7.384890, 
154, 7.386432, 
154, 7.387961, 
154, 7.389496, 
164, 7.403990, 
164, 7.407404, 
164, 7.408941, 
164, 7.410469, 
117, 7.422347, 
117, 7.423914, 
117, 7.425461, 
117, 7.426993, 
117, 7.428534, 
117, 7.430063, 
103, 7.438016, 
103, 7.439595, 
103, 7.441149, 
103, 7.442693, 
103, 7.444258, 
103, 7.445799, 
103, 7.447343, 
103, 7.448893, 
103, 7.450453, 
98, 7.457608, 
98, 7.460347, 
98, 7.461917, 
98, 7.463479, 
98, 7.465033, 
98, 7.466574, 
98, 7.468123, 
98, 7.469683, 
98, 7.471232, 
139, 7.480712, 
139, 7.482288, 
139, 7.483856, 
139, 7.485414, 
139, 7.486966, 
139, 7.488525, 
139, 7.490070, 
149, 7.501867, 
149, 7.503437, 
149, 7.504977, 
149, 7.506525, 
149, 7.508122, 
149, 7.509673, 
149, 7.511190, 
149, 7.522974, 
149, 7.524531, 
149, 7.526071, 
149, 7.527601, 
149, 7.529135, 
149, 7.530673, 
145, 7.543455, 
145, 7.545032, 
145, 7.546586, 
145, 7.548228, 
145, 7.549817, 
145, 7.551406, 
154, 7.564210, 
154, 7.565764, 
154, 7.567301, 
154, 7.568835, 
154, 7.570365, 
118, 7.581046, 
118, 7.582604, 
118, 7.584145, 
118, 7.585697, 
118, 7.587260, 
118, 7.588815, 
118, 7.590370, 
141, 7.602310, 
141, 7.603905, 
141, 7.605474, 
141, 7.607044, 
141, 7.608646, 
141, 7.610188, 
141, 7.611800, 
155, 7.624907, 
155, 7.626497, 
155, 7.628049, 
155, 7.629594, 
155, 7.631149, 
133, 7.641879, 
133, 7.643447, 
133, 7.644995, 
133, 7.646537, 
133, 7.648071, 
133, 7.649613, 
133, 7.651157, 
139, 7.662572, 
139, 7.664130, 
139, 7.665678, 
139, 7.667183, 
139, 7.668725, 
139, 7.670265, 
139, 7.671812, 
130, 7.681032, 
130, 7.682592, 
130, 7.684125, 
130, 7.685685, 
130, 7.687191, 
130, 7.688745, 
130, 7.690308, 
130, 7.691886, 
135, 7.703651, 
135, 7.711275, 
142, 7.724637, 
142, 7.727206, 
142, 7.728771, 
142, 7.730328, 
142, 7.731876, 
144, 7.742508, 
144, 7.744053, 
144, 7.745593, 
144, 7.747201, 
144, 7.748757, 
144, 7.750309, 
144, 7.751870, 
153, 7.765336, 
153, 7.768401, 
153, 7.769970, 
153, 7.771520, 
115, 7.782162, 
115, 7.783654, 
115, 7.785207, 
115, 7.786771, 
115, 7.788321, 
115, 7.790117, 
115, 7.791675, 
102, 7.799506, 
102, 7.801046, 
102, 7.802599, 
102, 7.804141, 
102, 7.805680, 
102, 7.807193, 
102, 7.808751, 
102, 7.810370, 
102, 7.811919, 
102, 7.818882, 
102, 7.820368, 
102, 7.821835, 
102, 7.823304, 
102, 7.824777, 
102, 7.826276, 
102, 7.827866, 
102, 7.829418, 
102, 7.830965, 
102, 7.832527, 
137, 7.842638, 
137, 7.844203, 
137, 7.845705, 
137, 7.847172, 
137, 7.848643, 
137, 7.850148, 
137, 7.851627, 
158, 7.864551, 
158, 7.866141, 
158, 7.867635, 
158, 7.869113, 
158, 7.870597, 
158, 7.872090, 
151, 7.884837, 
151, 7.886413, 
151, 7.887981, 
151, 7.889540, 
151, 7.891094, 
151, 7.892638, 
149, 7.905490, 
149, 7.907056, 
149, 7.908620, 
149, 7.910159, 
149, 7.911645, 
149, 7.913215, 
149, 7.926642, 
149, 7.928209, 
149, 7.929767, 
149, 7.931332, 
149, 7.932892, 
117, 7.942916, 
117, 7.944407, 
117, 7.945888, 
117, 7.947442, 
117, 7.949007, 
117, 7.950557, 
117, 7.952116, 
137, 7.963791, 
137, 7.965275, 
137, 7.966724, 
137, 7.968149, 
137, 7.969581, 
137, 7.971043, 
137, 7.972470, 
153, 7.985503, 
153, 7.986991, 
153, 7.989893, 
153, 7.991466, 
153, 7.993006, 
141, 8.005285, 
141, 8.006915, 
141, 8.008470, 
141, 8.010275, 
141, 8.011830, 
141, 8.013378, 
136, 8.024909, 
136, 8.026465, 
136, 8.028019, 
136, 8.029560, 
136, 8.031138, 
136, 8.032685, 
141, 8.043842, 
141, 8.045399, 
141, 8.046952, 
141, 8.048491, 
141, 8.050038, 
141, 8.051569, 
141, 8.053105, 
131, 8.063616, 
131, 8.065190, 
131, 8.066742, 
131, 8.068286, 
131, 8.069855, 
131, 8.071404, 
131, 8.072959, 
137, 8.086397, 
137, 8.087958, 
137, 8.089508, 
137, 8.091045, 
137, 8.092579, 
147, 8.104493, 
147, 8.106066, 
147, 8.111256, 
147, 8.112816, 
151, 8.127108, 
151, 8.131205, 
151, 8.132746, 
114, 8.143205, 
114, 8.144749, 
114, 8.146298, 
114, 8.147836, 
114, 8.149369, 
114, 8.150958, 
114, 8.152508, 
114, 8.154033, 
102, 8.160664, 
102, 8.162226, 
102, 8.163773, 
102, 8.165312, 
102, 8.166843, 
102, 8.168372, 
102, 8.169917, 
102, 8.171449, 
102, 8.172979, 
105, 8.180211, 
105, 8.181771, 
105, 8.183317, 
105, 8.184857, 
105, 8.186389, 
105, 8.187920, 
105, 8.189466, 
105, 8.191009, 
105, 8.192553, 
105, 8.194121, 
131, 8.208977, 
131, 8.210564, 
131, 8.212097, 
131, 8.213640, 
165, 8.224980, 
165, 8.226583, 
165, 8.228228, 
165, 8.229749, 
165, 8.231250, 
165, 8.232751, 
165, 8.234257, 
150, 8.246752, 
150, 8.248843, 
150, 8.250370, 
150, 8.251910, 
150, 8.253432, 
151, 8.266391, 
151, 8.267852, 
151, 8.269382, 
151, 8.270953, 
151, 8.272418, 
151, 8.273902, 
146, 8.288020, 
146, 8.289557, 
146, 8.291014, 
146, 8.292438, 
146, 8.293881, 
124, 8.304089, 
124, 8.305542, 
124, 8.306988, 
124, 8.308460, 
124, 8.309958, 
124, 8.311396, 
124, 8.312866, 
124, 8.314349, 
140, 8.324659, 
140, 8.326129, 
140, 8.327566, 
140, 8.329006, 
140, 8.330442, 
140, 8.331880, 
140, 8.333359, 
140, 8.334936, 
149, 8.346006, 
149, 8.347512, 
149, 8.349011, 
149, 8.350454, 
149, 8.351898, 
149, 8.353417, 
149, 8.354903, 
138, 8.366343, 
138, 8.367830, 
138, 8.369309, 
138, 8.370846, 
138, 8.372304, 
138, 8.373784, 
133, 8.385208, 
133, 8.386699, 
133, 8.388215, 
133, 8.389660, 
133, 8.391159, 
133, 8.392630, 
133, 8.394188, 
144, 8.404871, 
144, 8.406407, 
144, 8.407893, 
144, 8.409398, 
144, 8.410866, 
144, 8.412310, 
144, 8.413755, 
144, 8.415188, 
137, 8.425043, 
137, 8.426531, 
137, 8.428005, 
137, 8.435126, 
132, 8.447469, 
132, 8.449354, 
132, 8.450953, 
132, 8.452497, 
132, 8.454021, 
132, 8.455593, 
147, 8.466217, 
147, 8.467807, 
147, 8.469359, 
147, 8.470903, 
147, 8.472446, 
147, 8.473986, 
147, 8.475529, 
148, 8.488710, 
148, 8.495228, 
112, 8.504370, 
112, 8.506647, 
112, 8.508203, 
112, 8.509764, 
112, 8.511307, 
112, 8.512854, 
112, 8.514414, 
102, 8.522159, 
102, 8.523737, 
102, 8.525301, 
102, 8.526865, 
102, 8.528406, 
102, 8.529946, 
102, 8.531627, 
102, 8.533179, 
102, 8.534746, 
107, 8.545279, 
107, 8.546901, 
107, 8.548461, 
107, 8.550003, 
107, 8.551552, 
107, 8.553107, 
107, 8.554652, 
154, 8.565982, 
154, 8.569671, 
154, 8.571198, 
154, 8.572766, 
154, 8.574335, 
154, 8.575890, 
187, 8.587560, 
187, 8.591376, 
187, 8.592922, 
187, 8.594465, 
187, 8.596016, 
150, 8.609348, 
150, 8.612646, 
150, 8.614167, 
150, 8.615638, 
155, 8.628975, 
155, 8.630420, 
155, 8.631905, 
155, 8.633391, 
155, 8.634873, 
155, 8.636329, 
136, 8.649903, 
136, 8.651412, 
136, 8.652861, 
136, 8.654314, 
136, 8.655755, 
128, 8.665293, 
128, 8.666792, 
128, 8.668287, 
128, 8.669733, 
128, 8.671173, 
128, 8.672615, 
128, 8.674096, 
128, 8.675608, 
142, 8.688220, 
142, 8.689751, 
142, 8.691221, 
142, 8.692705, 
142, 8.694183, 
142, 8.695677, 
140, 8.710082, 
140, 8.711587, 
140, 8.713122, 
140, 8.714621, 
140, 8.716086, 
132, 8.727047, 
132, 8.728530, 
132, 8.729972, 
132, 8.731398, 
132, 8.732841, 
132, 8.734284, 
132, 8.735732, 
132, 8.737174, 
138, 8.747177, 
138, 8.748645, 
138, 8.750086, 
138, 8.751533, 
138, 8.752984, 
138, 8.754425, 
138, 8.755870, 
138, 8.757339, 
153, 8.766671, 
153, 8.768151, 
153, 8.769622, 
153, 8.771076, 
153, 8.772520, 
153, 8.773970, 
153, 8.775415, 
153, 8.776866, 
148, 8.787683, 
148, 8.789164, 
148, 8.790622, 
148, 8.792081, 
148, 8.793559, 
148, 8.795031, 
148, 8.796507, 
132, 8.808955, 
132, 8.810405, 
132, 8.811858, 
132, 8.813375, 
132, 8.814838, 
132, 8.816288, 
150, 8.828741, 
150, 8.830205, 
150, 8.831673, 
150, 8.833136, 
150, 8.834637, 
150, 8.836128, 
150, 8.837600, 
131, 8.850026, 
131, 8.851531, 
131, 8.853017, 
131, 8.854471, 
131, 8.855936, 
131, 8.857397, 
107, 8.865375, 
107, 8.866868, 
107, 8.868341, 
107, 8.869808, 
107, 8.871315, 
107, 8.872788, 
107, 8.874258, 
105, 8.885308, 
105, 8.886981, 
105, 8.888589, 
105, 8.890108, 
105, 8.891681, 
105, 8.893152, 
105, 8.894616, 
105, 8.896088, 
105, 8.897556, 
120, 8.904463, 
120, 8.905967, 
120, 8.907446, 
120, 8.908938, 
120, 8.910535, 
120, 8.912041, 
120, 8.913563, 
120, 8.915148, 
120, 8.916677, 
120, 8.918252, 
144, 8.929807, 
144, 8.931560, 
144, 8.933103, 
144, 8.934684, 
144, 8.936205, 
144, 8.937734, 
163, 8.950664, 
163, 8.953686, 
163, 8.955201, 
163, 8.956773, 
163, 8.958336, 
153, 8.970246, 
153, 8.971769, 
153, 8.973251, 
153, 8.974748, 
153, 8.976220, 
153, 8.977714, 
155, 8.990530, 
155, 8.991997, 
155, 8.993453, 
155, 8.994917, 
155, 8.996396, 
155, 8.997895, 
130, 9.011327, 
130, 9.012924, 
130, 9.014497, 
130, 9.015968, 
130, 9.017439, 
132, 9.027113, 
132, 9.028726, 
132, 9.030272, 
132, 9.031832, 
132, 9.033377, 
132, 9.034920, 
132, 9.037101, 
132, 9.038647, 
147, 9.054416, 
147, 9.056079, 
147, 9.057621, 
147, 9.059197, 
149, 9.071459, 
149, 9.075699, 
149, 9.077251, 
149, 9.078836, 
142, 9.090338, 
142, 9.091929, 
142, 9.093477, 
142, 9.095054, 
142, 9.096614, 
142, 9.098159, 
133, 9.110098, 
133, 9.112209, 
133, 9.113768, 
133, 9.115322, 
133, 9.116875, 
133, 9.118414, 
138, 9.130611, 
138, 9.132194, 
138, 9.133736, 
138, 9.135276, 
138, 9.136829, 
138, 9.138365, 
150, 9.149174, 
150, 9.150727, 
150, 9.152277, 
150, 9.153844, 
150, 9.155413, 
150, 9.156968, 
150, 9.158518, 
136, 9.174710, 
136, 9.176373, 
136, 9.177944, 
136, 9.179498, 
151, 9.191364, 
151, 9.192928, 
151, 9.194474, 
151, 9.196019, 
151, 9.197644, 
151, 9.199199, 
123, 9.212673, 
123, 9.214396, 
123, 9.215954, 
123, 9.217501, 
123, 9.219037, 
103, 9.227650, 
103, 9.229238, 
103, 9.230932, 
103, 9.232500, 
103, 9.234040, 
103, 9.235576, 
103, 9.237120, 
103, 9.238657, 
102, 9.246348, 
102, 9.248045, 
102, 9.249601, 
102, 9.251141, 
102, 9.252688, 
102, 9.254236, 
102, 9.255801, 
102, 9.257355, 
102, 9.258906, 
117, 9.267276, 
117, 9.268889, 
117, 9.270466, 
117, 9.272030, 
117, 9.273590, 
117, 9.275701, 
117, 9.277324, 
117, 9.278903, 
138, 9.290005, 
138, 9.291563, 
138, 9.293099, 
138, 9.294628, 
138, 9.296159, 
138, 9.297700, 
138, 9.299232, 
148, 9.312872, 
148, 9.314441, 
148, 9.316006, 
148, 9.317545, 
148, 9.319113, 
107, 9.331438, 
107, 9.332929, 
107, 9.334447, 
107, 9.335891, 
107, 9.337317, 
107, 9.338756, 
107, 9.340183, 
126, 9.348469, 
126, 9.349976, 
126, 9.351447, 
126, 9.352917, 
126, 9.354401, 
126, 9.355874, 
126, 9.357376, 
126, 9.358903, 
126, 9.360370, 
151, 9.371859, 
151, 9.373353, 
151, 9.374821, 
151, 9.376306, 
151, 9.377744, 
151, 9.379211, 
118, 9.389470, 
118, 9.391006, 
118, 9.392479, 
118, 9.393953, 
118, 9.395394, 
118, 9.396854, 
118, 9.398320, 
118, 9.399759, 
141, 9.410964, 
141, 9.412416, 
141, 9.413888, 
141, 9.415306, 
141, 9.416748, 
141, 9.418231, 
141, 9.419684, 
154, 9.433116, 
154, 9.434579, 
154, 9.436089, 
154, 9.437560, 
154, 9.439077, 
154, 9.440512, 
132, 9.450883, 
132, 9.452431, 
132, 9.453900, 
132, 9.455349, 
132, 9.456830, 
132, 9.458333, 
132, 9.459801, 
139, 9.471096, 
139, 9.472600, 
139, 9.474082, 
139, 9.475588, 
139, 9.477100, 
139, 9.478539, 
139, 9.480032, 
130, 9.490166, 
130, 9.491644, 
130, 9.493147, 
130, 9.494644, 
130, 9.496090, 
130, 9.497542, 
130, 9.499074, 
130, 9.500561, 
136, 9.511558, 
136, 9.513076, 
136, 9.514595, 
136, 9.516044, 
136, 9.517539, 
136, 9.519069, 
136, 9.520589, 
142, 9.533008, 
142, 9.534471, 
142, 9.536004, 
142, 9.537460, 
142, 9.538906, 
142, 9.540356, 
145, 9.550952, 
145, 9.552472, 
145, 9.554028, 
145, 9.555503, 
145, 9.556967, 
145, 9.558519, 
145, 9.559997, 
152, 9.573681, 
152, 9.575185, 
152, 9.576740, 
152, 9.578236, 
152, 9.579666, 
152, 9.581142, 
115, 9.590519, 
115, 9.592004, 
115, 9.593440, 
115, 9.594912, 
115, 9.596406, 
115, 9.598133, 
115, 9.599562, 
115, 9.601013, 
101, 9.607685, 
101, 9.609214, 
101, 9.610769, 
101, 9.612274, 
101, 9.613734, 
101, 9.615194, 
101, 9.616698, 
101, 9.618196, 
101, 9.619677, 
101, 9.621154, 
102, 9.627699, 
102, 9.629213, 
102, 9.630735, 
102, 9.632271, 
102, 9.633812, 
102, 9.635348, 
102, 9.636899, 
102, 9.638390, 
102, 9.639891, 
102, 9.641435, 
138, 9.650464, 
138, 9.651988, 
138, 9.653478, 
138, 9.655015, 
138, 9.656548, 
138, 9.658053, 
138, 9.659566, 
138, 9.661060, 
152, 9.671674, 
152, 9.673175, 
152, 9.674673, 
152, 9.676135, 
152, 9.677665, 
152, 9.679107, 
152, 9.680563, 
148, 9.692525, 
148, 9.694001, 
148, 9.695426, 
148, 9.696932, 
148, 9.698411, 
148, 9.699899, 
148, 9.701349, 
141, 9.713515, 
141, 9.714989, 
141, 9.716510, 
141, 9.717976, 
141, 9.719511, 
141, 9.720964, 
150, 9.733952, 
150, 9.735420, 
150, 9.736878, 
150, 9.738324, 
150, 9.739772, 
150, 9.741278, 
118, 9.750770, 
118, 9.752238, 
118, 9.753727, 
118, 9.755164, 
118, 9.756610, 
118, 9.758051, 
118, 9.759541, 
118, 9.761007, 
141, 9.771525, 
141, 9.773008, 
141, 9.774514, 
141, 9.775955, 
141, 9.777491, 
141, 9.778996, 
141, 9.780449, 
141, 9.782013, 
152, 9.793409, 
152, 9.794878, 
152, 9.796369, 
152, 9.797818, 
152, 9.799293, 
152, 9.800754, 
139, 9.812855, 
139, 9.814498, 
139, 9.815979, 
139, 9.817433, 
139, 9.818933, 
139, 9.820409, 
139, 9.821876, 
139, 9.832385, 
139, 9.833905, 
139, 9.835363, 
139, 9.836832, 
139, 9.838302, 
139, 9.839770, 
139, 9.841244, 
138, 9.851548, 
138, 9.853030, 
138, 9.854514, 
138, 9.855997, 
138, 9.857493, 
138, 9.858983, 
138, 9.860467, 
138, 9.861951, 
132, 9.871310, 
132, 9.872792, 
132, 9.874257, 
132, 9.875735, 
132, 9.877714, 
132, 9.879226, 
132, 9.882783, 
138, 9.899865, 
138, 9.902968, 
138, 9.904468, 
151, 9.916111, 
151, 9.917571, 
151, 9.919107, 
151, 9.920624, 
151, 9.922060, 
151, 9.923541, 
151, 9.924976, 
143, 9.937887, 
143, 9.939347, 
143, 9.940784, 
143, 9.942311, 
143, 9.943848, 
143, 9.945289, 
112, 9.953230, 
112, 9.954778, 
112, 9.956324, 
112, 9.957785, 
112, 9.959252, 
112, 9.960709, 
112, 9.962216, 
112, 9.963745, 
112, 9.965265, 
102, 9.971459, 
102, 9.973029, 
102, 9.974530, 
102, 9.976034, 
102, 9.977504, 
102, 9.979058, 
102, 9.980547, 
102, 9.982057, 
102, 9.983595, 
102, 9.985152, 
109, 9.992397, 
109, 9.993942, 
109, 9.995484, 
109, 9.997037, 
109, 9.998584, 
109, 10.000035, 
109, 10.001500, 
109, 10.003396, 
109, 10.004898, 
129, 10.015972, 
129, 10.017435, 
129, 10.018885, 
129, 10.020453, 
129, 10.021916, 
129, 10.023353, 
129, 10.024811, 
122, 10.036012, 
122, 10.037534, 
122, 10.039140, 
122, 10.040593, 
122, 10.042128, 
122, 10.043595, 
122, 10.045060, 
133, 10.056080, 
150, 10.139363, 
150, 10.140796, 
150, 10.142213, 
150, 10.143630, 
150, 10.145050, 
150, 10.146464, 
160, 10.158773, 
160, 10.160960, 
160, 10.162531, 
160, 10.164059, 
160, 10.165628, 
137, 10.177175, 
137, 10.178691, 
137, 10.180172, 
137, 10.181702, 
137, 10.183188, 
137, 10.184641, 
137, 10.186097, 
138, 10.197283, 
138, 10.198800, 
138, 10.200279, 
138, 10.201750, 
138, 10.203377, 
138, 10.204853, 
138, 10.206332, 
137, 10.216236, 
137, 10.217715, 
137, 10.222267, 
137, 10.223770, 
137, 10.225229, 
137, 10.226726, 
141, 10.235389, 
141, 10.236896, 
141, 10.238352, 
141, 10.239820, 
141, 10.241282, 
141, 10.242803, 
141, 10.244279, 
141, 10.245822, 
146, 10.259237, 
146, 10.262927, 
146, 10.264485, 
146, 10.266033, 
146, 10.267598, 
154, 10.278200, 
154, 10.279828, 
154, 10.281399, 
154, 10.282998, 
154, 10.284559, 
154, 10.286111, 
157, 10.303088, 
157, 10.304776, 
157, 10.306347, 
115, 10.317190, 
115, 10.318744, 
115, 10.320297, 
115, 10.321840, 
115, 10.323383, 
115, 10.324935, 
115, 10.326482, 
103, 10.334258, 
103, 10.335832, 
103, 10.337378, 
103, 10.338923, 
103, 10.340474, 
103, 10.342016, 
103, 10.343562, 
103, 10.345116, 
103, 10.346659, 
106, 10.354298, 
106, 10.355874, 
106, 10.357427, 
106, 10.358980, 
106, 10.360541, 
106, 10.362085, 
106, 10.363628, 
106, 10.365194, 
106, 10.366752, 
133, 10.377156, 
133, 10.378716, 
133, 10.380266, 
133, 10.381803, 
133, 10.383352, 
133, 10.384896, 
133, 10.386436, 
161, 10.402713, 
161, 10.404506, 
161, 10.406060, 
161, 10.407612, 
159, 10.418783, 
159, 10.420339, 
159, 10.421895, 
159, 10.423447, 
159, 10.425005, 
159, 10.426564, 
159, 10.428125, 
169, 10.438245, 
169, 10.439792, 
169, 10.441302, 
169, 10.442813, 
169, 10.444326, 
169, 10.445831, 
169, 10.447525, 
149, 10.462927, 
149, 10.464576, 
149, 10.466117, 
149, 10.467650, 
132, 10.477293, 
132, 10.478856, 
132, 10.480532, 
132, 10.482086, 
132, 10.483637, 
132, 10.485191, 
132, 10.486740, 
132, 10.488294, 
151, 10.499020, 
151, 10.500584, 
151, 10.502135, 
151, 10.503667, 
151, 10.505215, 
151, 10.506768, 
151, 10.508302, 
153, 10.523600, 
153, 10.525221, 
153, 10.526769, 
153, 10.528308, 
133, 10.539644, 
133, 10.541229, 
133, 10.542763, 
133, 10.544294, 
133, 10.545828, 
133, 10.547462, 
133, 10.549013, 
133, 10.561201, 
133, 10.562885, 
133, 10.564445, 
133, 10.565980, 
133, 10.567513, 
133, 10.569050, 
158, 10.577825, 
158, 10.579370, 
158, 10.580964, 
158, 10.582513, 
158, 10.584047, 
158, 10.585587, 
158, 10.587129, 
158, 10.588665, 
154, 10.599180, 
154, 10.600736, 
154, 10.602276, 
154, 10.603821, 
154, 10.605368, 
154, 10.606933, 
154, 10.608488, 
139, 10.620635, 
139, 10.622196, 
139, 10.624085, 
139, 10.625646, 
139, 10.627190, 
139, 10.628736, 
156, 10.640137, 
156, 10.642179, 
156, 10.643802, 
156, 10.645359, 
156, 10.646918, 
156, 10.648484, 
139, 10.665738, 
139, 10.667410, 
139, 10.668957, 
108, 10.678417, 
108, 10.679997, 
108, 10.681569, 
108, 10.683130, 
108, 10.684691, 
108, 10.686233, 
108, 10.687759, 
108, 10.689316, 
103, 10.696455, 
103, 10.698020, 
103, 10.699577, 
103, 10.701127, 
103, 10.702695, 
103, 10.704269, 
103, 10.705850, 
103, 10.707418, 
103, 10.708990, 
110, 10.716979, 
110, 10.718580, 
110, 10.720136, 
110, 10.721681, 
110, 10.724843, 
110, 10.728679, 
110, 10.730276, 
145, 10.738154, 
145, 10.739718, 
145, 10.741267, 
145, 10.742812, 
145, 10.744353, 
145, 10.745898, 
145, 10.747568, 
145, 10.749109, 
193, 10.765223, 
193, 10.766908, 
193, 10.768459, 
193, 10.770011, 
160, 10.783865, 
160, 10.785436, 
160, 10.786990, 
160, 10.788543, 
160, 10.790109, 
161, 10.802743, 
161, 10.804319, 
161, 10.805891, 
161, 10.807452, 
161, 10.809023, 
161, 10.810617, 
129, 10.823724, 
129, 10.825309, 
129, 10.826874, 
129, 10.828433, 
129, 10.830045, 
132, 10.838385, 
132, 10.839946, 
132, 10.841495, 
132, 10.843058, 
132, 10.844608, 
132, 10.846097, 
132, 10.847582, 
132, 10.849151, 
132, 10.850752, 
152, 10.860887, 
152, 10.862453, 
152, 10.864131, 
152, 10.865847, 
152, 10.867419, 
152, 10.868972, 
152, 10.870514, 
144, 10.888734, 
144, 10.890310, 
141, 10.902966, 
141, 10.904452, 
141, 10.905920, 
141, 10.907399, 
141, 10.908885, 
141, 10.910356, 
128, 10.920320, 
128, 10.921911, 
128, 10.923457, 
128, 10.925001, 
128, 10.926545, 
128, 10.928082, 
128, 10.929986, 
137, 10.941371, 
137, 10.942842, 
137, 10.944293, 
137, 10.945764, 
137, 10.947210, 
137, 10.948707, 
137, 10.950196, 
150, 10.960152, 
150, 10.961616, 
150, 10.963113, 
150, 10.964573, 
150, 10.966143, 
150, 10.967642, 
150, 10.969117, 
150, 10.970621, 
135, 10.980963, 
135, 10.982418, 
135, 10.983958, 
135, 10.985455, 
135, 10.986950, 
135, 10.988406, 
135, 10.989859, 
135, 10.991383, 
151, 11.003174, 
151, 11.004709, 
151, 11.006216, 
151, 11.007655, 
151, 11.009156, 
151, 11.010683, 
123, 11.023358, 
123, 11.024850, 
123, 11.026334, 
123, 11.027806, 
123, 11.029253, 
123, 11.030674, 
103, 11.038028, 
103, 11.039492, 
103, 11.041002, 
103, 11.042489, 
103, 11.043988, 
103, 11.045450, 
103, 11.046938, 
103, 11.048439, 
103, 11.049915, 
103, 11.051392, 
102, 11.057766, 
102, 11.063327, 
102, 11.064876, 
102, 11.066412, 
102, 11.067924, 
102, 11.069423, 
102, 11.070972, 
148, 11.078053, 
148, 11.079612, 
148, 11.081126, 
148, 11.082660, 
148, 11.084198, 
148, 11.085756, 
148, 11.087318, 
148, 11.088816, 
148, 11.090304, 
148, 11.091865, 
178, 11.099768, 
178, 11.102889, 
178, 11.104479, 
178, 11.106067, 
178, 11.107659, 
178, 11.109249, 
178, 11.110864, 
184, 11.126726, 
184, 11.128243, 
184, 11.129742, 
184, 11.131213, 
158, 11.145095, 
158, 11.146568, 
158, 11.148000, 
158, 11.149423, 
158, 11.150874, 
158, 11.152384, 
160, 11.165861, 
160, 11.167311, 
160, 11.168778, 
160, 11.170242, 
160, 11.171714, 
126, 11.183163, 
126, 11.184601, 
126, 11.186046, 
126, 11.187467, 
126, 11.188898, 
126, 11.190318, 
126, 11.191732, 
133, 11.201169, 
133, 11.202606, 
133, 11.204039, 
133, 11.205466, 
133, 11.206887, 
133, 11.208546, 
133, 11.209967, 
133, 11.212122, 
149, 11.222686, 
149, 11.224160, 
149, 11.225639, 
149, 11.230634, 
149, 11.232147, 
107, 11.242340, 
107, 11.243848, 
107, 11.245315, 
107, 11.246798, 
107, 11.248264, 
107, 11.249729, 
107, 11.251188, 
107, 11.252647, 
132, 11.259646, 
132, 11.261169, 
132, 11.262682, 
132, 11.264185, 
132, 11.265662, 
132, 11.267138, 
132, 11.268637, 
132, 11.270153, 
132, 11.271622, 
143, 11.282340, 
143, 11.283854, 
143, 11.285356, 
143, 11.286819, 
143, 11.288267, 
143, 11.289738, 
143, 11.291208, 
143, 11.292680, 
158, 11.302825, 
158, 11.304313, 
158, 11.305830, 
158, 11.307335, 
158, 11.308841, 
158, 11.310344, 
158, 11.311848, 
163, 11.321247, 
163, 11.322740, 
163, 11.324215, 
163, 11.325709, 
163, 11.327146, 
163, 11.328605, 
163, 11.330058, 
163, 11.331586, 
163, 11.333033, 
149, 11.343037, 
149, 11.344499, 
149, 11.345958, 
149, 11.347428, 
149, 11.348899, 
149, 11.350416, 
149, 11.351880, 
166, 11.364286, 
166, 11.367361, 
166, 11.369016, 
166, 11.370665, 
166, 11.373284, 
127, 11.386503, 
127, 11.389641, 
127, 11.391162, 
127, 11.392832, 
105, 11.401511, 
105, 11.403102, 
105, 11.404668, 
105, 11.406242, 
105, 11.407796, 
105, 11.409622, 
105, 11.411175, 
105, 11.412714, 
102, 11.420173, 
102, 11.421743, 
102, 11.423288, 
102, 11.424846, 
102, 11.426406, 
102, 11.427969, 
102, 11.429519, 
102, 11.431114, 
102, 11.432680, 
122, 11.440261, 
122, 11.441827, 
122, 11.443388, 
122, 11.444933, 
122, 11.451206, 
122, 11.452763, 
141, 11.467389, 
141, 11.468965, 
141, 11.470518, 
141, 11.472071, 
141, 11.473664, 
112, 11.486391, 
112, 11.491274, 
112, 11.492854, 
118, 11.501642, 
118, 11.503213, 
118, 11.504756, 
118, 11.506316, 
118, 11.507865, 
118, 11.509421, 
118, 11.510988, 
118, 11.512548, 
118, 11.514139, 
141, 11.524406, 
141, 11.525888, 
141, 11.527482, 
141, 11.529050, 
141, 11.530660, 
141, 11.532231, 
141, 11.533796, 
154, 11.546174, 
154, 11.547783, 
154, 11.549266, 
154, 11.550738, 
154, 11.552214, 
154, 11.553689, 
118, 11.563176, 
118, 11.564757, 
118, 11.566339, 
118, 11.567908, 
118, 11.569484, 
118, 11.571046, 
118, 11.572605, 
118, 11.574183, 
141, 11.584075, 
141, 11.585647, 
141, 11.587208, 
141, 11.588785, 
141, 11.590416, 
141, 11.591982, 
141, 11.593525, 
155, 11.605614, 
155, 11.607093, 
155, 11.608507, 
155, 11.610082, 
155, 11.611504, 
155, 11.612972, 
155, 11.614432, 
140, 11.625258, 
140, 11.626686, 
140, 11.628104, 
140, 11.629526, 
140, 11.630962, 
140, 11.632379, 
140, 11.633797, 
140, 11.644790, 
140, 11.646301, 
140, 11.647819, 
140, 11.649277, 
140, 11.650729, 
140, 11.652163, 
140, 11.653611, 
138, 11.663447, 
138, 11.664895, 
138, 11.666322, 
138, 11.667749, 
138, 11.669239, 
138, 11.670739, 
138, 11.672223, 
138, 11.673756, 
133, 11.684309, 
133, 11.685748, 
133, 11.687193, 
133, 11.688615, 
133, 11.690042, 
133, 11.691527, 
133, 11.692943, 
133, 11.694361, 
140, 11.706321, 
140, 11.707787, 
140, 11.709231, 
140, 11.710670, 
140, 11.712182, 
140, 11.713909, 
146, 11.725872, 
146, 11.728591, 
146, 11.734301, 
158, 11.749272, 
158, 11.750952, 
158, 11.752496, 
158, 11.754039, 
118, 11.764005, 
118, 11.765585, 
118, 11.767120, 
118, 11.768665, 
118, 11.770206, 
118, 11.771743, 
118, 11.773281, 
118, 11.774815, 
104, 11.781193, 
104, 11.782698, 
104, 11.784169, 
104, 11.785635, 
104, 11.787127, 
104, 11.788600, 
104, 11.790093, 
104, 11.791666, 
104, 11.793219, 
104, 11.794757, 
107, 11.801843, 
107, 11.803402, 
107, 11.804956, 
107, 11.806499, 
107, 11.808043, 
107, 11.809582, 
107, 11.811130, 
107, 11.812667, 
107, 11.814203, 
138, 11.824737, 
138, 11.826240, 
138, 11.827732, 
138, 11.829265, 
138, 11.830829, 
138, 11.834038, 
138, 11.835642, 
101, 11.845937, 
101, 11.847645, 
101, 11.849194, 
101, 11.850801, 
101, 11.852326, 
101, 11.853855, 
101, 11.855395, 
145, 11.865985, 
145, 11.867532, 
145, 11.869056, 
145, 11.870584, 
145, 11.872112, 
145, 11.873632, 
145, 11.875154, 
153, 11.886206, 
153, 11.887774, 
153, 11.889311, 
153, 11.890847, 
153, 11.892375, 
153, 11.893901, 
153, 11.895437, 
160, 11.907142, 
160, 11.912380, 
160, 11.913922, 
160, 11.915448, 
134, 11.926132, 
134, 11.927708, 
134, 11.929247, 
134, 11.930829, 
134, 11.932391, 
134, 11.933929, 
134, 11.935510, 
144, 11.944410, 
144, 11.945900, 
144, 11.947372, 
144, 11.948839, 
144, 11.950301, 
144, 11.951755, 
144, 11.953216, 
144, 11.954688, 
144, 11.956192, 
157, 11.966395, 
157, 11.967867, 
157, 11.969329, 
157, 11.970819, 
157, 11.972282, 
157, 11.973741, 
157, 11.975179, 
153, 11.987339, 
153, 11.988846, 
153, 11.990333, 
153, 11.991803, 
153, 11.993270, 
153, 11.994785, 
146, 12.005178, 
146, 12.006722, 
146, 12.008199, 
146, 12.009670, 
146, 12.011136, 
146, 12.012700, 
146, 12.014184, 
146, 12.015686, 
140, 12.025896, 
140, 12.027412, 
140, 12.028877, 
140, 12.030367, 
140, 12.031829, 
140, 12.033289, 
140, 12.034775, 
140, 12.036239, 
150, 12.047576, 
150, 12.050540, 
150, 12.051977, 
150, 12.053488, 
150, 12.055002, 
150, 12.056556, 
154, 12.067718, 
154, 12.069185, 
154, 12.070652, 
154, 12.072114, 
154, 12.073584, 
154, 12.075076, 
154, 12.076552, 
145, 12.085111, 
145, 12.086602, 
145, 12.088082, 
145, 12.089539, 
145, 12.091013, 
145, 12.092470, 
145, 12.093930, 
145, 12.095391, 
157, 12.108130, 
157, 12.109624, 
157, 12.111095, 
157, 12.112558, 
157, 12.114019, 
157, 12.115496, 
122, 12.125993, 
122, 12.127478, 
122, 12.128957, 
122, 12.130434, 
122, 12.131908, 
122, 12.133383, 
122, 12.134897, 
122, 12.136374, 
104, 12.142687, 
104, 12.144158, 
104, 12.145633, 
104, 12.147120, 
104, 12.148583, 
104, 12.150064, 
104, 12.151609, 
104, 12.153099, 
104, 12.154622, 
104, 12.156117, 
96, 12.163010, 
96, 12.164501, 
96, 12.165980, 
96, 12.167460, 
96, 12.168938, 
96, 12.170415, 
96, 12.171879, 
96, 12.173346, 
96, 12.174851, 
96, 12.176317, 
141, 12.184620, 
141, 12.186115, 
141, 12.187587, 
141, 12.189062, 
141, 12.190529, 
141, 12.191997, 
141, 12.193473, 
141, 12.194942, 
141, 12.196406, 
145, 12.205894, 
145, 12.207370, 
145, 12.208832, 
145, 12.210292, 
145, 12.211760, 
145, 12.213223, 
145, 12.214688, 
145, 12.216155, 
146, 12.228423, 
146, 12.229893, 
146, 12.231379, 
146, 12.236879, 
153, 12.247284, 
153, 12.248773, 
153, 12.250239, 
153, 12.251707, 
153, 12.253168, 
153, 12.254634, 
153, 12.256100, 
163, 12.268313, 
163, 12.269815, 
163, 12.271314, 
163, 12.272791, 
163, 12.274269, 
163, 12.275748, 
163, 12.277248, 
130, 12.286359, 
130, 12.287945, 
130, 12.289491, 
130, 12.291033, 
130, 12.292566, 
130, 12.294128, 
130, 12.295665, 
130, 12.297210, 
154, 12.306788, 
154, 12.308340, 
154, 12.309879, 
154, 12.311418, 
154, 12.312944, 
154, 12.314477, 
154, 12.316004, 
154, 12.317547, 
161, 12.329311, 
161, 12.332474, 
161, 12.334064, 
161, 12.335642, 
161, 12.337214, 
141, 12.347988, 
141, 12.349434, 
141, 12.350869, 
141, 12.352295, 
141, 12.353722, 
141, 12.355225, 
141, 12.356797, 
145, 12.367654, 
145, 12.369119, 
145, 12.370595, 
145, 12.372051, 
145, 12.373544, 
145, 12.375039, 
145, 12.376491, 
139, 12.386599, 
139, 12.388134, 
139, 12.389585, 
139, 12.391090, 
139, 12.392590, 
139, 12.394125, 
139, 12.395570, 
139, 12.396997, 
137, 12.409656, 
137, 12.411227, 
137, 12.412710, 
137, 12.414155, 
137, 12.415713, 
137, 12.417180, 
151, 12.429824, 
151, 12.432439, 
151, 12.434053, 
151, 12.435642, 
151, 12.437229, 
157, 12.448977, 
157, 12.450456, 
157, 12.451941, 
157, 12.453417, 
157, 12.454888, 
157, 12.456348, 
157, 12.457810, 
161, 12.470721, 
161, 12.472924, 
161, 12.474353, 
161, 12.475783, 
161, 12.477219, 
118, 12.486384, 
118, 12.487827, 
118, 12.489282, 
118, 12.490746, 
118, 12.492202, 
118, 12.493658, 
118, 12.495110, 
118, 12.496562, 
118, 12.498039, 
104, 12.504630, 
104, 12.506092, 
104, 12.507569, 
104, 12.509036, 
104, 12.510524, 
104, 12.512001, 
104, 12.513569, 
104, 12.515049, 
104, 12.516510, 
104, 12.517984, 
111, 12.524503, 
111, 12.525990, 
111, 12.527446, 
111, 12.528907, 
111, 12.530394, 
111, 12.531867, 
111, 12.533354, 
111, 12.534887, 
111, 12.536349, 
111, 12.537821, 
137, 12.548718, 
137, 12.550368, 
137, 12.552031, 
137, 12.553621, 
137, 12.555204, 
137, 12.556798, 
137, 12.558391, 
166, 12.572763, 
166, 12.574355, 
166, 12.575896, 
166, 12.577439, 
162, 12.588786, 
162, 12.590270, 
162, 12.591746, 
162, 12.593326, 
162, 12.594897, 
162, 12.596437, 
162, 12.597998, 
172, 12.608901, 
172, 12.615204, 
172, 12.616777, 
172, 12.618347, 
152, 12.630602, 
152, 12.634122, 
152, 12.635687, 
152, 12.637225, 
152, 12.638771, 
135, 12.647679, 
135, 12.649228, 
135, 12.650782, 
135, 12.652328, 
135, 12.653864, 
135, 12.655400, 
135, 12.656951, 
135, 12.658486, 
156, 12.669247, 
156, 12.670817, 
156, 12.672344, 
156, 12.673868, 
156, 12.675399, 
156, 12.676945, 
156, 12.678488, 
155, 12.691042, 
155, 12.694832, 
155, 12.696384, 
155, 12.697930, 
155, 12.699483, 
136, 12.709823, 
136, 12.711375, 
136, 12.712926, 
136, 12.714471, 
136, 12.716011, 
136, 12.717546, 
136, 12.719119, 
139, 12.730305, 
139, 12.731844, 
139, 12.733386, 
139, 12.734924, 
139, 12.736455, 
139, 12.738008, 
139, 12.739541, 
157, 12.749707, 
157, 12.751277, 
157, 12.752813, 
157, 12.754344, 
157, 12.755784, 
157, 12.757254, 
157, 12.758738, 
153, 12.770212, 
153, 12.773291, 
153, 12.774793, 
153, 12.776256, 
153, 12.777731, 
153, 12.779202, 
136, 12.791798, 
136, 12.793254, 
136, 12.794716, 
136, 12.796165, 
136, 12.797612, 
136, 12.799072, 
151, 12.811819, 
151, 12.813283, 
151, 12.814744, 
151, 12.816208, 
151, 12.817654, 
151, 12.819122, 
127, 12.833205, 
127, 12.834665, 
127, 12.836138, 
127, 12.837596, 
127, 12.839110, 
104, 12.848090, 
104, 12.849567, 
104, 12.851074, 
104, 12.852568, 
104, 12.854051, 
104, 12.855525, 
104, 12.857036, 
104, 12.858545, 
104, 12.860084, 
102, 12.866764, 
102, 12.868426, 
102, 12.869984, 
102, 12.871542, 
102, 12.873362, 
102, 12.874951, 
102, 12.876499, 
102, 12.878004, 
102, 12.879554, 
114, 12.887265, 
114, 12.891225, 
114, 12.892786, 
114, 12.894340, 
114, 12.895903, 
114, 12.897470, 
114, 12.899047, 
137, 12.916185, 
137, 12.917841, 
137, 12.919404, 
137, 12.920971, 
151, 12.934255, 
151, 12.935831, 
151, 12.937386, 
151, 12.938939, 
151, 12.940430, 
151, 12.952748, 
151, 12.954311, 
151, 12.955870, 
151, 12.957414, 
151, 12.958961, 
151, 12.960523, 
157, 12.972884, 
157, 12.974451, 
157, 12.976003, 
157, 12.977537, 
157, 12.979069, 
157, 12.980612, 
132, 12.994565, 
132, 12.996393, 
132, 12.997950, 
132, 12.999495, 
132, 13.001031, 
132, 13.009821, 
132, 13.011375, 
132, 13.013031, 
132, 13.014571, 
132, 13.016111, 
132, 13.017704, 
132, 13.019242, 
132, 13.020774, 
155, 13.032993, 
155, 13.034581, 
155, 13.036126, 
155, 13.037669, 
155, 13.039185, 
155, 13.040720, 
143, 13.053656, 
143, 13.055222, 
143, 13.056772, 
143, 13.058326, 
143, 13.059880, 
143, 13.061447, 
140, 13.071895, 
140, 13.073485, 
140, 13.075069, 
140, 13.076650, 
140, 13.078219, 
140, 13.079874, 
140, 13.081561, 
132, 13.091920, 
132, 13.093499, 
132, 13.095033, 
132, 13.096695, 
132, 13.098230, 
132, 13.099763, 
132, 13.101301, 
137, 13.112324, 
137, 13.113896, 
137, 13.115442, 
137, 13.117226, 
137, 13.118762, 
137, 13.120302, 
137, 13.121854, 
150, 13.131966, 
150, 13.133531, 
150, 13.135065, 
150, 13.136601, 
150, 13.138138, 
150, 13.139667, 
150, 13.141197, 
136, 13.153014, 
136, 13.154570, 
136, 13.156106, 
136, 13.157655, 
136, 13.159182, 
136, 13.160712, 
151, 13.174151, 
151, 13.175699, 
151, 13.177233, 
151, 13.178773, 
151, 13.180310, 
151, 13.181851, 
122, 13.194769, 
122, 13.196480, 
122, 13.198014, 
122, 13.199563, 
122, 13.201094, 
103, 13.209665, 
103, 13.211197, 
103, 13.212729, 
103, 13.214261, 
103, 13.215802, 
103, 13.217620, 
103, 13.219196, 
103, 13.220740, 
103, 13.222293, 
102, 13.229077, 
102, 13.230633, 
102, 13.232120, 
102, 13.233613, 
102, 13.235142, 
102, 13.236654, 
102, 13.238204, 
102, 13.240975, 
135, 13.249716, 
135, 13.251266, 
135, 13.252999, 
135, 13.254537, 
135, 13.256082, 
135, 13.257617, 
135, 13.259152, 
135, 13.260695, 
135, 13.262236, 
172, 13.274980, 
172, 13.276621, 
172, 13.278163, 
172, 13.279817, 
172, 13.281356, 
172, 13.282923, 
162, 13.300418, 
162, 13.302073, 
149, 13.316194, 
149, 13.317765, 
149, 13.319324, 
149, 13.320854, 
149, 13.322378, 
156, 13.337037, 
156, 13.338590, 
156, 13.340143, 
156, 13.341680, 
128, 13.355549, 
128, 13.357039, 
128, 13.358495, 
128, 13.359944, 
128, 13.361389, 
128, 13.362958, 
138, 13.372428, 
138, 13.373936, 
138, 13.375424, 
138, 13.377225, 
138, 13.380018, 
138, 13.381676, 
138, 13.383234, 
151, 13.395300, 
151, 13.396808, 
151, 13.398289, 
151, 13.399765, 
151, 13.401309, 
151, 13.402793, 
145, 13.415658, 
145, 13.417161, 
145, 13.418631, 
145, 13.420108, 
145, 13.421584, 
145, 13.423136, 
138, 13.433481, 
138, 13.435016, 
138, 13.436600, 
138, 13.438148, 
138, 13.439720, 
138, 13.441273, 
138, 13.442833, 
132, 13.453662, 
132, 13.456219, 
132, 13.457801, 
132, 13.459367, 
132, 13.460916, 
132, 13.462481, 
137, 13.478694, 
137, 13.480277, 
137, 13.481828, 
137, 13.483390, 
154, 13.494686, 
154, 13.496166, 
154, 13.497647, 
154, 13.499122, 
154, 13.500606, 
154, 13.502231, 
140, 13.513437, 
140, 13.514914, 
140, 13.516388, 
140, 13.517856, 
140, 13.519325, 
140, 13.520893, 
140, 13.522448, 
152, 13.536616, 
152, 13.538176, 
114, 13.560589, 
103, 13.570909, 
103, 13.572412, 
103, 13.573896, 
103, 13.579286, 
103, 13.580783, 
103, 13.582224, 
103, 13.583661, 
105, 13.589986, 
105, 13.591419, 
105, 13.592872, 
105, 13.594347, 
105, 13.595796, 
105, 13.597285, 
105, 13.598795, 
105, 13.600275, 
105, 13.601736, 
105, 13.603174, 
150, 13.611964, 
150, 13.613442, 
150, 13.614929, 
150, 13.616409, 
150, 13.617909, 
150, 13.619426, 
150, 13.620962, 
150, 13.622482, 
150, 13.623948, 
156, 13.634735, 
156, 13.636325, 
156, 13.637778, 
156, 13.639263, 
156, 13.640733, 
156, 13.642226, 
156, 13.643733, 
161, 13.657158, 
161, 13.660166, 
161, 13.661635, 
161, 13.663167, 
149, 13.676743, 
149, 13.678250, 
149, 13.679836, 
149, 13.681265, 
149, 13.682691, 
149, 13.684140, 
154, 13.697079, 
154, 13.698544, 
154, 13.699990, 
154, 13.701445, 
154, 13.702921, 
154, 13.704393, 
128, 13.716661, 
128, 13.718125, 
128, 13.719575, 
128, 13.721044, 
128, 13.722512, 
128, 13.723961, 
137, 13.734607, 
137, 13.736062, 
137, 13.737506, 
137, 13.738955, 
137, 13.740418, 
137, 13.741857, 
164, 13.759299, 
164, 13.761963, 
164, 13.763421, 
164, 13.764899, 
143, 13.778868, 
143, 13.780393, 
143, 13.781902, 
143, 13.783353, 
143, 13.784838, 
143, 13.786309, 
135, 13.796276, 
135, 13.797762, 
135, 13.799283, 
135, 13.800754, 
135, 13.802223, 
135, 13.803717, 
135, 13.805216, 
132, 13.817076, 
132, 13.818545, 
132, 13.820005, 
132, 13.821475, 
132, 13.822950, 
132, 13.824420, 
132, 13.825902, 
138, 13.839225, 
138, 13.840709, 
138, 13.842171, 
138, 13.843691, 
138, 13.845154, 
138, 13.846609, 
149, 13.858436, 
149, 13.859929, 
149, 13.861417, 
149, 13.863033, 
149, 13.864496, 
149, 13.865960, 
142, 13.876616, 
142, 13.878118, 
142, 13.879773, 
142, 13.881276, 
142, 13.882784, 
142, 13.884263, 
142, 13.885762, 
153, 13.899287, 
153, 13.900860, 
153, 13.902347, 
153, 13.903809, 
153, 13.905252, 
153, 13.906681, 
117, 13.918391, 
117, 13.919993, 
117, 13.921557, 
117, 13.923127, 
117, 13.924650, 
117, 13.926124, 
102, 13.934096, 
102, 13.935652, 
102, 13.937230, 
102, 13.938794, 
102, 13.940351, 
102, 13.941895, 
102, 13.943452, 
102, 13.944999, 
102, 13.946551, 
94, 13.953476, 
94, 13.959204, 
94, 13.960765, 
94, 13.962609, 
94, 13.964208, 
94, 13.965771, 
137, 13.976021, 
137, 13.978685, 
137, 13.980283, 
137, 13.981841, 
137, 13.983384, 
137, 13.984927, 
137, 13.986462, 
138, 13.996891, 
138, 14.003211, 
138, 14.004787, 
138, 14.006371, 
144, 14.020318, 
144, 14.027228, 
146, 14.038793, 
146, 14.040288, 
146, 14.041761, 
146, 14.043295, 
146, 14.044852, 
146, 14.046476, 
154, 14.059466, 
154, 14.061037, 
154, 14.062939, 
154, 14.064447, 
154, 14.065924, 
154, 14.067394, 
122, 14.077448, 
122, 14.080424, 
122, 14.084108, 
122, 14.085675, 
122, 14.087114, 
142, 14.097071, 
142, 14.098643, 
142, 14.100192, 
142, 14.101733, 
142, 14.103277, 
142, 14.104803, 
142, 14.106384, 
163, 14.121448, 
163, 14.122972, 
163, 14.124419, 
163, 14.125873, 
163, 14.127318, 
134, 14.140003, 
134, 14.141613, 
134, 14.143210, 
134, 14.144817, 
134, 14.146397, 
134, 14.147935, 
135, 14.159050, 
135, 14.160626, 
135, 14.162187, 
135, 14.163741, 
135, 14.165278, 
135, 14.166838, 
128, 14.177944, 
128, 14.183200, 
128, 14.184749, 
128, 14.186295, 
128, 14.187833, 
134, 14.199610, 
134, 14.203000, 
134, 14.204590, 
134, 14.206162, 
134, 14.207723, 
142, 14.220421, 
142, 14.222280, 
142, 14.223885, 
142, 14.225427, 
142, 14.226978, 
142, 14.228552, 
145, 14.239053, 
145, 14.240599, 
145, 14.242139, 
145, 14.243681, 
145, 14.245230, 
145, 14.246789, 
145, 14.248325, 
153, 14.261776, 
153, 14.263339, 
153, 14.264893, 
153, 14.266455, 
153, 14.268010, 
116, 14.278854, 
116, 14.280398, 
116, 14.281945, 
116, 14.283490, 
116, 14.285031, 
116, 14.286578, 
116, 14.288116, 
102, 14.295411, 
102, 14.296974, 
102, 14.298534, 
102, 14.300083, 
102, 14.301624, 
102, 14.303159, 
102, 14.304702, 
102, 14.306247, 
102, 14.307795, 
99, 14.314897, 
99, 14.316501, 
99, 14.318038, 
99, 14.319581, 
99, 14.321122, 
99, 14.322715, 
99, 14.324261, 
99, 14.325802, 
99, 14.327336, 
99, 14.328896, 
139, 14.338430, 
139, 14.340043, 
139, 14.341583, 
139, 14.343134, 
139, 14.344668, 
139, 14.346345, 
139, 14.347903, 
152, 14.359764, 
152, 14.361319, 
152, 14.362872, 
152, 14.364420, 
152, 14.365963, 
152, 14.367512, 
152, 14.369086, 
148, 14.380727, 
148, 14.382292, 
148, 14.383850, 
148, 14.385410, 
148, 14.386979, 
148, 14.388552, 
143, 14.400857, 
143, 14.402410, 
143, 14.403959, 
143, 14.405518, 
143, 14.407075, 
143, 14.408618, 
153, 14.421640, 
153, 14.423264, 
153, 14.424776, 
153, 14.426296, 
153, 14.427824, 
118, 14.438772, 
118, 14.440323, 
118, 14.441864, 
118, 14.443398, 
118, 14.444930, 
118, 14.446465, 
118, 14.447995, 
143, 14.459302, 
143, 14.460889, 
143, 14.462428, 
143, 14.463972, 
143, 14.465514, 
143, 14.467045, 
143, 14.468579, 
154, 14.481585, 
154, 14.483165, 
154, 14.484700, 
154, 14.486249, 
154, 14.487787, 
154, 14.489331, 
133, 14.499828, 
133, 14.501375, 
133, 14.502915, 
133, 14.504466, 
133, 14.506035, 
133, 14.507580, 
133, 14.509130, 
139, 14.520793, 
139, 14.522368, 
139, 14.523979, 
139, 14.525537, 
139, 14.527078, 
139, 14.528620, 
138, 14.539646, 
138, 14.541211, 
138, 14.542817, 
138, 14.544320, 
138, 14.545775, 
138, 14.547230, 
138, 14.548675, 
133, 14.560232, 
133, 14.561734, 
133, 14.563223, 
133, 14.564702, 
133, 14.566165, 
133, 14.567653, 
133, 14.569111, 
140, 14.581965, 
140, 14.583461, 
140, 14.584918, 
140, 14.586411, 
140, 14.587865, 
140, 14.589327, 
146, 14.600188, 
146, 14.601646, 
146, 14.603120, 
146, 14.604609, 
146, 14.606099, 
146, 14.607545, 
146, 14.608997, 
152, 14.622709, 
152, 14.624470, 
152, 14.625968, 
152, 14.627413, 
152, 14.628891, 
115, 14.639239, 
115, 14.640716, 
115, 14.642206, 
115, 14.643676, 
115, 14.645179, 
115, 14.646665, 
115, 14.648140, 
115, 14.649646, 
102, 14.656569, 
102, 14.658082, 
102, 14.659572, 
102, 14.661059, 
102, 14.662527, 
102, 14.663986, 
102, 14.665447, 
102, 14.666913, 
102, 14.668400, 
102, 14.669904, 
106, 14.676533, 
106, 14.678071, 
106, 14.679573, 
106, 14.681083, 
106, 14.682559, 
106, 14.684042, 
106, 14.685552, 
106, 14.687079, 
106, 14.688555, 
106, 14.690058, 
136, 14.699942, 
136, 14.701499, 
136, 14.703024, 
136, 14.704529, 
136, 14.706028, 
136, 14.707549, 
136, 14.709016, 
160, 14.721509, 
160, 14.722975, 
160, 14.724484, 
160, 14.725958, 
160, 14.727442, 
160, 14.728889, 
160, 14.730357, 
148, 14.742814, 
148, 14.744282, 
148, 14.745737, 
148, 14.747238, 
148, 14.748684, 
148, 14.750130, 
151, 14.762688, 
151, 14.764165, 
151, 14.765639, 
151, 14.767159, 
151, 14.768660, 
151, 14.770138, 
144, 14.783566, 
144, 14.785045, 
144, 14.786546, 
144, 14.788030, 
144, 14.789515, 
121, 14.800041, 
121, 14.801498, 
121, 14.802987, 
121, 14.804454, 
121, 14.805945, 
121, 14.807439, 
121, 14.808886, 
121, 14.810333, 
139, 14.820644, 
139, 14.822115, 
139, 14.823566, 
139, 14.825285, 
139, 14.826800, 
139, 14.828253, 
139, 14.829716, 
150, 14.842564, 
150, 14.844060, 
150, 14.845554, 
150, 14.846994, 
150, 14.848439, 
150, 14.849880, 
138, 14.862710, 
138, 14.864192, 
138, 14.865646, 
138, 14.867142, 
138, 14.868599, 
138, 14.870085, 
133, 14.881518, 
133, 14.882973, 
133, 14.884439, 
133, 14.885898, 
133, 14.887345, 
133, 14.888775, 
133, 14.890191, 
146, 14.900645, 
146, 14.902100, 
146, 14.903562, 
146, 14.905068, 
146, 14.906535, 
146, 14.907982, 
146, 14.909418, 
146, 14.910865, 
133, 14.922725, 
133, 14.924189, 
133, 14.925795, 
133, 14.927354, 
133, 14.928917, 
133, 14.930486, 
136, 14.944695, 
136, 14.946906, 
136, 14.948424, 
136, 14.949915, 
136, 14.951419, 
150, 14.963423, 
150, 14.964962, 
150, 14.966504, 
150, 14.968053, 
150, 14.969546, 
150, 14.971071, 
141, 14.984829, 
141, 14.986349, 
141, 14.987803, 
141, 14.989251, 
141, 14.990779, 
112, 15.000405, 
112, 15.001917, 
112, 15.003399, 
112, 15.004904, 
112, 15.006362, 
112, 15.007852, 
112, 15.009365, 
112, 15.010875, 
102, 15.018028, 
102, 15.019571, 
102, 15.021059, 
102, 15.022548, 
102, 15.024006, 
102, 15.025493, 
102, 15.026971, 
102, 15.028436, 
102, 15.029910, 
102, 15.031391, 
109, 15.038470, 
109, 15.039996, 
109, 15.041452, 
109, 15.042923, 
109, 15.044428, 
109, 15.045969, 
109, 15.047467, 
109, 15.048955, 
109, 15.050463, 
109, 15.051974, 
130, 15.062589, 
130, 15.064071, 
130, 15.065523, 
130, 15.067048, 
130, 15.068559, 
130, 15.070009, 
130, 15.071454, 
167, 15.082712, 
167, 15.084245, 
167, 15.085762, 
167, 15.087289, 
167, 15.088737, 
167, 15.090228, 
167, 15.091753, 
145, 15.103414, 
145, 15.104933, 
145, 15.106407, 
145, 15.107874, 
145, 15.109391, 
145, 15.110883, 
159, 15.123292, 
159, 15.124745, 
159, 15.126196, 
159, 15.127644, 
159, 15.129089, 
159, 15.130558, 
159, 15.132017, 
136, 15.145112, 
136, 15.146625, 
136, 15.148137, 
136, 15.149567, 
136, 15.151037, 
126, 15.160665, 
126, 15.162166, 
126, 15.163623, 
126, 15.165281, 
126, 15.166752, 
126, 15.168259, 
126, 15.169752, 
126, 15.171293, 
146, 15.182964, 
146, 15.184429, 
146, 15.185951, 
146, 15.187392, 
146, 15.188843, 
146, 15.190365, 
146, 15.191887, 
146, 15.205091, 
146, 15.206599, 
146, 15.208098, 
146, 15.209596, 
146, 15.211057, 
146, 15.212605, 
133, 15.222938, 
133, 15.224440, 
133, 15.225926, 
133, 15.227400, 
133, 15.228873, 
133, 15.230398, 
133, 15.231929, 
135, 15.242509, 
135, 15.243978, 
135, 15.245544, 
135, 15.247016, 
135, 15.248571, 
135, 15.250080, 
135, 15.251611, 
153, 15.264825, 
153, 15.266304, 
153, 15.267763, 
153, 15.269219, 
153, 15.270677, 
153, 15.272226, 
155, 15.283929, 
155, 15.285526, 
155, 15.287074, 
155, 15.288619, 
155, 15.290167, 
155, 15.291709, 
155, 15.293252, 
139, 15.305748, 
139, 15.309410, 
139, 15.310991, 
139, 15.312581, 
153, 15.326229, 
153, 15.327829, 
153, 15.329482, 
153, 15.331116, 
153, 15.332697, 
128, 15.347057, 
128, 15.348639, 
128, 15.350189, 
128, 15.351728, 
128, 15.353376, 
105, 15.362357, 
105, 15.363951, 
105, 15.365507, 
105, 15.367047, 
105, 15.368585, 
105, 15.370307, 
105, 15.371848, 
105, 15.373386, 
102, 15.380664, 
102, 15.382231, 
102, 15.383771, 
102, 15.385325, 
102, 15.386869, 
102, 15.388425, 
102, 15.389969, 
102, 15.391508, 
102, 15.393047, 
113, 15.401018, 
113, 15.402571, 
113, 15.404100, 
113, 15.405666, 
113, 15.407204, 
113, 15.408756, 
113, 15.410360, 
113, 15.411905, 
113, 15.413444, 
133, 15.430107, 
133, 15.431768, 
133, 15.433310, 
156, 15.447544, 
156, 15.451278, 
156, 15.452839, 
156, 15.454385, 
153, 15.466674, 
153, 15.468162, 
153, 15.469646, 
153, 15.471124, 
153, 15.472698, 
153, 15.474257, 
157, 15.486558, 
157, 15.488065, 
157, 15.489640, 
157, 15.491201, 
157, 15.492769, 
157, 15.494325, 
131, 15.507963, 
131, 15.509457, 
131, 15.510930, 
131, 15.512414, 
131, 15.513970, 
134, 15.523257, 
134, 15.524819, 
134, 15.526386, 
134, 15.527933, 
134, 15.529482, 
134, 15.531044, 
134, 15.532593, 
134, 15.534113, 
148, 15.545436, 
148, 15.546931, 
148, 15.549379, 
148, 15.551371, 
148, 15.552948, 
148, 15.554491, 
145, 15.567346, 
145, 15.568816, 
145, 15.570309, 
145, 15.571818, 
145, 15.573334, 
145, 15.574977, 
140, 15.585893, 
140, 15.587520, 
140, 15.589082, 
140, 15.594137, 
135, 15.605879, 
135, 15.607444, 
135, 15.608984, 
135, 15.610527, 
135, 15.612069, 
135, 15.613629, 
135, 15.615186, 
141, 15.629650, 
141, 15.631284, 
141, 15.632833, 
141, 15.634381, 
153, 15.646735, 
153, 15.648286, 
153, 15.649837, 
153, 15.651412, 
153, 15.652958, 
153, 15.654505, 
136, 15.666743, 
136, 15.671359, 
136, 15.672916, 
136, 15.674492, 
136, 15.676086, 
152, 15.687928, 
152, 15.689496, 
152, 15.691055, 
152, 15.692613, 
152, 15.694181, 
152, 15.695732, 
122, 15.708742, 
122, 15.710344, 
122, 15.714268, 
122, 15.715758, 
103, 15.723295, 
103, 15.724795, 
103, 15.726285, 
103, 15.727776, 
103, 15.729280, 
103, 15.730832, 
103, 15.732324, 
103, 15.733815, 
103, 15.735300, 
102, 15.742401, 
102, 15.743896, 
102, 15.745398, 
102, 15.746939, 
102, 15.748420, 
102, 15.749905, 
102, 15.751398, 
102, 15.752886, 
102, 15.754372, 
102, 15.755866, 
140, 15.766608, 
140, 15.768117, 
140, 15.769622, 
140, 15.771164, 
140, 15.772647, 
140, 15.774214, 
140, 15.775770, 
140, 15.777326, 
181, 15.786997, 
181, 15.790786, 
181, 15.792338, 
181, 15.793894, 
181, 15.795458, 
181, 15.797006, 
169, 15.811306, 
169, 15.814638, 
169, 15.816088, 
169, 15.817513, 
145, 15.828157, 
145, 15.829641, 
145, 15.831117, 
145, 15.832604, 
145, 15.834063, 
145, 15.835489, 
145, 15.836914, 
144, 15.848214, 
144, 15.849662, 
144, 15.851146, 
144, 15.852603, 
144, 15.854106, 
144, 15.855556, 
144, 15.856998, 
97, 15.869250, 
97, 15.870697, 
97, 15.872138, 
97, 15.873558, 
97, 15.874973, 
97, 15.876401, 
97, 15.877919, 
108, 15.884328, 
108, 15.885813, 
108, 15.887294, 
108, 15.888735, 
108, 15.890186, 
108, 15.891612, 
108, 15.893031, 
108, 15.894460, 
108, 15.895929, 
108, 15.897385, 
128, 15.906334, 
128, 15.907798, 
128, 15.909260, 
128, 15.910749, 
128, 15.912215, 
128, 15.913684, 
128, 15.915185, 
128, 15.916636, 
128, 15.918123, 
151, 15.930765, 
151, 15.933282, 
151, 15.934967, 
151, 15.936596, 
151, 15.938186, 
149, 15.949296, 
149, 15.952341, 
149, 15.953929, 
149, 15.955474, 
149, 15.957040, 
149, 15.958655, 
134, 15.968630, 
134, 15.970112, 
134, 15.971703, 
134, 15.973176, 
134, 15.974656, 
134, 15.976128, 
134, 15.977617, 
130, 15.988547, 
130, 15.990024, 
130, 15.991476, 
130, 15.992930, 
130, 15.994446, 
130, 15.995907, 
130, 15.997362, 
141, 16.010282, 
141, 16.012835, 
141, 16.014384, 
141, 16.015911, 
141, 16.017470, 
144, 16.030766, 
144, 16.032312, 
144, 16.033798, 
144, 16.035294, 
144, 16.036723, 
144, 16.038247, 
143, 16.048824, 
143, 16.050303, 
143, 16.051785, 
143, 16.053262, 
143, 16.054752, 
143, 16.056227, 
143, 16.057705, 
153, 16.071427, 
153, 16.072899, 
153, 16.074453, 
153, 16.075921, 
153, 16.077384, 
153, 16.078949, 
117, 16.088719, 
117, 16.090225, 
117, 16.091724, 
117, 16.093226, 
117, 16.097258, 
117, 16.098822, 
104, 16.105779, 
104, 16.107264, 
104, 16.108723, 
104, 16.110201, 
104, 16.111669, 
104, 16.113146, 
104, 16.114626, 
104, 16.116099, 
104, 16.117578, 
104, 16.119081, 
103, 16.125520, 
103, 16.126997, 
103, 16.128471, 
103, 16.129942, 
103, 16.131422, 
103, 16.132881, 
103, 16.134347, 
103, 16.135808, 
103, 16.137269, 
103, 16.138799, 
148, 16.148318, 
148, 16.149838, 
148, 16.151301, 
148, 16.152761, 
148, 16.154202, 
148, 16.155668, 
148, 16.157115, 
148, 16.158561, 
164, 16.170723, 
164, 16.172919, 
164, 16.174412, 
164, 16.175856, 
164, 16.177353, 
164, 16.178868, 
155, 16.191951, 
155, 16.194774, 
155, 16.196244, 
155, 16.197682, 
155, 16.199305, 
150, 16.212438, 
150, 16.216369, 
150, 16.217979, 
150, 16.219529, 
152, 16.233064, 
152, 16.234634, 
152, 16.236152, 
152, 16.237673, 
152, 16.239156, 
118, 16.249651, 
118, 16.251207, 
118, 16.252755, 
118, 16.254289, 
118, 16.255832, 
118, 16.257373, 
118, 16.258911, 
141, 16.273193, 
141, 16.274787, 
141, 16.276334, 
141, 16.277869, 
141, 16.279412, 
161, 16.295043, 
161, 16.296697, 
161, 16.298251, 
161, 16.299790, 
142, 16.311940, 
142, 16.313496, 
142, 16.315032, 
142, 16.316568, 
142, 16.318110, 
142, 16.319647, 
137, 16.331627, 
137, 16.333182, 
137, 16.334728, 
137, 16.336261, 
137, 16.337796, 
137, 16.339329, 
139, 16.350001, 
139, 16.351548, 
139, 16.353089, 
139, 16.354619, 
139, 16.356156, 
139, 16.357688, 
139, 16.359181, 
139, 16.360730, 
133, 16.370093, 
133, 16.371667, 
133, 16.373258, 
133, 16.374827, 
133, 16.376399, 
133, 16.377957, 
133, 16.379502, 
134, 16.396646, 
134, 16.398279, 
134, 16.399834, 
147, 16.411450, 
147, 16.412933, 
147, 16.414406, 
147, 16.415897, 
147, 16.417401, 
147, 16.418897, 
147, 16.420388, 
151, 16.433762, 
151, 16.438448, 
151, 16.440037, 
151, 16.441593, 
113, 16.450352, 
113, 16.451942, 
113, 16.453499, 
113, 16.455034, 
113, 16.456588, 
113, 16.458121, 
113, 16.459654, 
113, 16.461178, 
102, 16.467764, 
102, 16.469310, 
102, 16.470837, 
102, 16.472371, 
102, 16.473904, 
102, 16.475427, 
102, 16.476960, 
102, 16.478490, 
102, 16.480022, 
102, 16.481573, 
106, 16.488021, 
106, 16.489589, 
106, 16.491116, 
106, 16.492676, 
106, 16.494215, 
106, 16.495755, 
106, 16.497294, 
106, 16.498778, 
106, 16.500247, 
106, 16.501766, 
135, 16.511250, 
135, 16.512753, 
135, 16.514319, 
135, 16.515847, 
135, 16.517407, 
135, 16.518960, 
135, 16.520517, 
161, 16.532618, 
161, 16.539270, 
161, 16.540828, 
150, 16.558975, 
150, 16.560474, 
150, 16.562016, 
152, 16.573415, 
152, 16.574979, 
152, 16.576450, 
152, 16.577920, 
152, 16.579397, 
152, 16.580870, 
146, 16.594567, 
146, 16.596095, 
146, 16.597595, 
146, 16.599074, 
146, 16.600550, 
146, 16.602079, 
121, 16.611047, 
121, 16.612598, 
121, 16.614119, 
121, 16.615623, 
121, 16.617087, 
121, 16.618561, 
121, 16.620125, 
121, 16.621611, 
140, 16.631847, 
140, 16.633450, 
140, 16.635029, 
140, 16.636593, 
140, 16.638131, 
140, 16.639735, 
140, 16.641276, 
150, 16.653646, 
150, 16.655319, 
150, 16.656868, 
150, 16.658408, 
150, 16.659955, 
150, 16.661493, 
137, 16.673813, 
137, 16.675375, 
137, 16.676915, 
137, 16.678448, 
137, 16.679992, 
137, 16.681559, 
135, 16.692282, 
135, 16.693823, 
135, 16.695353, 
135, 16.696891, 
135, 16.698428, 
135, 16.699974, 
135, 16.701511, 
143, 16.711808, 
143, 16.713369, 
143, 16.714915, 
143, 16.716466, 
143, 16.718009, 
143, 16.719546, 
143, 16.721096, 
133, 16.732120, 
133, 16.733698, 
133, 16.735241, 
133, 16.736785, 
133, 16.738323, 
133, 16.739923, 
133, 16.741467, 
131, 16.755167, 
131, 16.756749, 
131, 16.758295, 
131, 16.759834, 
131, 16.761381, 
148, 16.773604, 
148, 16.775174, 
148, 16.776721, 
148, 16.778272, 
148, 16.779804, 
148, 16.781369, 
146, 16.795386, 
146, 16.796933, 
146, 16.798476, 
146, 16.800025, 
146, 16.801565, 
113, 16.811174, 
113, 16.812727, 
113, 16.814271, 
113, 16.815813, 
113, 16.817352, 
113, 16.818893, 
113, 16.820438, 
113, 16.821973, 
102, 16.828813, 
102, 16.830278, 
102, 16.831736, 
102, 16.833197, 
102, 16.834665, 
102, 16.836126, 
102, 16.837589, 
102, 16.839492, 
102, 16.840989, 
102, 16.842486, 
109, 16.849407, 
109, 16.850913, 
109, 16.852389, 
109, 16.853856, 
109, 16.855322, 
109, 16.856809, 
109, 16.858310, 
109, 16.859793, 
109, 16.861331, 
109, 16.862916, 
130, 16.873106, 
130, 16.874579, 
130, 16.876039, 
130, 16.877491, 
130, 16.878953, 
130, 16.880453, 
130, 16.881917, 
163, 16.893098, 
163, 16.894594, 
163, 16.896080, 
163, 16.897572, 
163, 16.899077, 
163, 16.900526, 
163, 16.901952, 
148, 16.914151, 
148, 16.915621, 
148, 16.917066, 
148, 16.918505, 
148, 16.919946, 
148, 16.921379, 
148, 16.922883, 
157, 16.935072, 
157, 16.936991, 
157, 16.938445, 
157, 16.939875, 
157, 16.941306, 
157, 16.942742, 
141, 16.955892, 
141, 16.958419, 
141, 16.959862, 
141, 16.961287, 
141, 16.962739, 
127, 16.971843, 
127, 16.973299, 
127, 16.974768, 
127, 16.976237, 
127, 16.977722, 
127, 16.979175, 
127, 16.980639, 
127, 16.982054, 
127, 16.983510, 
147, 16.993937, 
147, 16.995434, 
147, 16.996912, 
147, 16.998364, 
147, 16.999843, 
147, 17.001302, 
147, 17.002820, 
148, 17.016057, 
148, 17.017569, 
148, 17.019085, 
148, 17.020570, 
148, 17.022016, 
148, 17.023506, 
132, 17.034258, 
132, 17.035722, 
132, 17.037206, 
132, 17.038662, 
132, 17.040117, 
132, 17.041611, 
132, 17.043113, 
133, 17.053301, 
133, 17.054780, 
133, 17.056217, 
133, 17.057675, 
133, 17.059236, 
133, 17.060655, 
133, 17.062091, 
133, 17.063509, 
148, 17.072419, 
148, 17.073909, 
148, 17.075356, 
148, 17.076802, 
148, 17.078272, 
148, 17.079757, 
148, 17.081255, 
148, 17.082763, 
146, 17.094154, 
146, 17.095649, 
146, 17.097126, 
146, 17.098596, 
146, 17.100087, 
131, 17.114687, 
131, 17.117605, 
131, 17.119108, 
131, 17.120596, 
131, 17.122056, 
131, 17.123499, 
154, 17.135137, 
154, 17.136630, 
154, 17.138075, 
154, 17.139505, 
154, 17.140980, 
154, 17.142446, 
154, 17.143921, 
137, 17.158737, 
137, 17.160230, 
137, 17.161649, 
137, 17.163060, 
137, 17.164471, 
109, 17.174347, 
109, 17.175980, 
109, 17.177523, 
109, 17.179087, 
109, 17.180569, 
109, 17.182075, 
109, 17.183580, 
102, 17.190825, 
102, 17.192290, 
102, 17.193833, 
102, 17.195389, 
102, 17.196861, 
102, 17.198359, 
102, 17.199816, 
102, 17.201341, 
102, 17.202902, 
102, 17.204429, 
111, 17.211877, 
111, 17.213351, 
111, 17.214821, 
111, 17.216278, 
111, 17.217741, 
111, 17.219285, 
111, 17.220788, 
111, 17.222296, 
111, 17.223751, 
130, 17.234798, 
130, 17.236301, 
130, 17.237798, 
130, 17.239239, 
130, 17.240713, 
130, 17.242197, 
130, 17.243721, 
154, 17.256497, 
154, 17.257985, 
154, 17.259596, 
154, 17.261076, 
154, 17.262588, 
154, 17.264053, 
142, 17.275885, 
142, 17.277366, 
142, 17.278827, 
142, 17.280281, 
142, 17.281755, 
142, 17.283252, 
142, 17.284760, 
152, 17.296536, 
152, 17.298025, 
152, 17.299513, 
152, 17.300964, 
152, 17.302431, 
152, 17.303901, 
130, 17.317418, 
130, 17.318887, 
130, 17.320382, 
130, 17.321824, 
130, 17.323323, 
130, 17.324848, 
131, 17.332301, 
131, 17.333794, 
131, 17.335340, 
131, 17.336815, 
131, 17.338307, 
131, 17.339767, 
131, 17.341250, 
131, 17.342723, 
131, 17.344248, 
149, 17.355988, 
149, 17.357465, 
149, 17.358915, 
149, 17.360418, 
149, 17.361934, 
149, 17.363425, 
149, 17.364947, 
142, 17.376688, 
142, 17.378236, 
142, 17.379776, 
142, 17.381262, 
142, 17.382780, 
142, 17.384313, 
136, 17.395060, 
136, 17.396526, 
136, 17.398024, 
136, 17.399543, 
136, 17.400993, 
136, 17.402480, 
136, 17.403936, 
136, 17.405415, 
131, 17.416298, 
131, 17.417759, 
131, 17.419210, 
131, 17.420655, 
131, 17.422102, 
131, 17.423552, 
131, 17.425039, 
145, 17.436616, 
145, 17.439732, 
145, 17.441176, 
145, 17.442605, 
145, 17.444028, 
145, 17.445450, 
155, 17.454924, 
155, 17.456405, 
155, 17.457846, 
155, 17.459272, 
155, 17.460733, 
155, 17.462206, 
155, 17.463640, 
155, 17.465071, 
141, 17.478401, 
141, 17.480115, 
141, 17.481673, 
141, 17.483204, 
141, 17.484794, 
141, 17.486426, 
157, 17.499330, 
157, 17.502323, 
157, 17.503877, 
157, 17.505405, 
124, 17.519680, 
124, 17.521210, 
124, 17.522657, 
124, 17.524163, 
124, 17.525614, 
104, 17.533794, 
104, 17.535234, 
104, 17.536745, 
104, 17.538201, 
104, 17.539732, 
104, 17.541225, 
104, 17.542736, 
104, 17.544274, 
104, 17.545804, 
102, 17.552892, 
102, 17.554422, 
102, 17.555928, 
102, 17.557418, 
102, 17.558906, 
102, 17.560373, 
102, 17.561891, 
102, 17.563346, 
102, 17.564879, 
102, 17.566401, 
121, 17.573341, 
121, 17.574877, 
121, 17.576336, 
121, 17.577796, 
121, 17.579283, 
121, 17.580746, 
121, 17.582269, 
121, 17.583726, 
121, 17.585185, 
121, 17.586741, 
139, 17.595969, 
139, 17.597465, 
139, 17.598924, 
139, 17.600434, 
139, 17.601893, 
139, 17.603437, 
164, 17.618528, 
164, 17.621522, 
164, 17.623071, 
164, 17.624523, 
164, 17.625963, 
152, 17.639000, 
152, 17.640486, 
152, 17.641941, 
152, 17.643373, 
152, 17.644786, 
152, 17.646200, 
156, 17.659709, 
156, 17.661154, 
156, 17.662574, 
156, 17.664013, 
156, 17.665462, 
156, 17.666930, 
130, 17.679299, 
130, 17.680736, 
130, 17.682149, 
130, 17.683571, 
130, 17.684985, 
130, 17.686400, 
136, 17.695823, 
136, 17.697276, 
136, 17.698698, 
136, 17.700177, 
136, 17.701602, 
136, 17.703031, 
136, 17.704486, 
136, 17.705968, 
136, 17.707406, 
146, 17.718577, 
146, 17.720149, 
146, 17.722355, 
146, 17.723819, 
146, 17.725233, 
146, 17.726646, 
146, 17.739438, 
146, 17.740896, 
146, 17.742313, 
146, 17.743737, 
146, 17.745153, 
146, 17.746567, 
138, 17.757952, 
138, 17.759395, 
138, 17.760844, 
138, 17.762294, 
138, 17.763744, 
138, 17.765221, 
138, 17.766670, 
132, 17.778773, 
132, 17.780837, 
132, 17.782555, 
132, 17.784274, 
132, 17.785984, 
132, 17.787691, 
144, 17.799641, 
144, 17.802619, 
144, 17.804100, 
144, 17.805569, 
144, 17.807066, 
156, 17.819429, 
156, 17.820876, 
156, 17.822318, 
156, 17.823757, 
156, 17.825383, 
156, 17.826849, 
156, 17.828295, 
141, 17.837950, 
141, 17.839388, 
141, 17.840823, 
141, 17.842243, 
141, 17.843672, 
141, 17.845096, 
141, 17.846531, 
141, 17.847963, 
152, 17.861144, 
152, 17.862618, 
152, 17.864046, 
152, 17.865479, 
152, 17.866923, 
152, 17.868430, 
119, 17.880910, 
119, 17.882523, 
119, 17.884092, 
119, 17.886489, 
119, 17.888044, 
103, 17.895544, 
103, 17.897118, 
103, 17.898657, 
103, 17.900195, 
103, 17.901745, 
103, 17.903338, 
103, 17.904876, 
103, 17.906414, 
103, 17.907945, 
99, 17.915391, 
99, 17.916966, 
99, 17.918507, 
99, 17.920043, 
99, 17.921591, 
99, 17.923127, 
99, 17.924659, 
99, 17.926199, 
99, 17.927737, 
134, 17.937110, 
134, 17.944548, 
134, 17.946118, 
134, 17.947669, 
167, 17.956975, 
167, 17.958531, 
167, 17.960081, 
167, 17.961621, 
167, 17.963168, 
167, 17.964711, 
167, 17.966249, 
167, 17.967801, 
174, 17.985270, 
174, 17.986921, 
174, 17.988473, 
155, 18.002481, 
155, 18.004042, 
155, 18.005579, 
155, 18.007113, 
155, 18.008659, 
103, 18.023325, 
103, 18.028823, 
127, 18.038234, 
127, 18.039779, 
127, 18.043226, 
127, 18.044811, 
127, 18.046371, 
127, 18.047915, 
127, 18.049671, 
116, 18.057095, 
116, 18.058574, 
116, 18.060058, 
116, 18.061525, 
116, 18.062995, 
116, 18.064562, 
116, 18.066113, 
116, 18.067664, 
116, 18.069343, 
149, 18.079699, 
149, 18.081186, 
149, 18.082665, 
149, 18.084122, 
149, 18.085872, 
149, 18.087383, 
149, 18.088811, 
150, 18.101971, 
150, 18.103447, 
150, 18.104880, 
150, 18.106295, 
150, 18.107744, 
150, 18.109178, 
133, 18.120563, 
133, 18.122036, 
133, 18.123480, 
133, 18.124923, 
133, 18.126364, 
133, 18.127801, 
133, 18.129232, 
130, 18.139575, 
130, 18.141028, 
130, 18.142465, 
130, 18.143912, 
130, 18.145352, 
130, 18.146811, 
130, 18.148258, 
130, 18.149697, 
148, 18.158821, 
148, 18.160258, 
148, 18.161712, 
148, 18.163149, 
148, 18.164579, 
148, 18.166043, 
148, 18.167510, 
148, 18.168997, 
144, 18.180312, 
144, 18.181763, 
144, 18.183187, 
144, 18.184602, 
144, 18.186165, 
144, 18.187604, 
144, 18.189047, 
131, 18.202436, 
131, 18.203946, 
131, 18.205992, 
131, 18.207603, 
131, 18.209165, 
149, 18.221349, 
149, 18.222924, 
149, 18.224498, 
149, 18.226052, 
149, 18.227600, 
149, 18.229162, 
134, 18.243816, 
134, 18.245364, 
134, 18.246947, 
134, 18.248475, 
134, 18.250012, 
110, 18.258797, 
110, 18.260345, 
110, 18.261878, 
110, 18.263431, 
110, 18.264937, 
110, 18.266540, 
